Timestamp,Mode,Knee_Angle,Trunk_Angle,Quad_Force_N,Status
14:28:41,sitting,123.6,0.6,1120.1,Ошибка: Угол ног в кресле
14:28:41,sitting,142.8,0.6,1457.6,Ошибка: Угол ног в кресле
14:28:41,sitting,148.7,2.9,1560.9,Ошибка: Угол ног в кресле
14:28:41,sitting,136.2,3.7,1340.6,Ошибка: Угол ног в кресле
14:28:41,sitting,114.4,4.1,958.1,Посадка в норме
14:28:42,sitting,93.9,5.1,596.8,Посадка в норме
14:28:42,sitting,65.8,5.3,352.0,Ошибка: Угол ног в кресле
14:28:42,sitting,42.5,5.9,352.0,Ошибка: Угол ног в кресле
14:28:42,sitting,22.8,6.1,352.0,Ошибка: Угол ног в кресле
14:28:42,sitting,18.0,6.6,352.0,Ошибка: Угол ног в кресле
14:28:42,sitting,16.5,6.3,352.0,Ошибка: Угол ног в кресле
14:28:42,sitting,19.1,6.9,352.0,Ошибка: Угол ног в кресле
14:28:42,sitting,16.4,6.8,352.0,Ошибка: Угол ног в кресле
14:28:42,sitting,23.5,6.7,352.0,Ошибка: Угол ног в кресле
14:28:42,sitting,30.5,6.5,352.0,Ошибка: Угол ног в кресле
14:28:42,sitting,38.6,3.7,352.0,Ошибка: Угол ног в кресле
14:28:42,sitting,49.6,3.9,352.0,Ошибка: Угол ног в кресле
14:28:42,sitting,53.5,5.1,352.0,Ошибка: Угол ног в кресле
14:28:42,sitting,52.4,5.2,352.0,Ошибка: Угол ног в кресле
14:28:42,sitting,53.3,5.2,352.0,Ошибка: Угол ног в кресле
14:28:42,sitting,49.9,5.3,352.0,Ошибка: Угол ног в кресле
14:28:42,sitting,39.2,5.4,352.0,Ошибка: Угол ног в кресле
14:28:42,sitting,36.0,5.5,352.0,Ошибка: Угол ног в кресле
14:28:42,sitting,38.8,5.6,352.0,Ошибка: Угол ног в кресле
14:28:42,sitting,36.6,5.6,352.0,Ошибка: Угол ног в кресле
14:28:42,sitting,37.1,5.6,352.0,Ошибка: Угол ног в кресле
14:28:43,sitting,36.5,5.6,352.0,Ошибка: Угол ног в кресле
14:28:43,sitting,35.1,5.6,352.0,Ошибка: Угол ног в кресле
14:28:43,sitting,31.7,5.6,352.0,Ошибка: Угол ног в кресле
14:28:43,sitting,31.4,5.4,352.0,Ошибка: Угол ног в кресле
14:28:43,sitting,26.4,5.2,352.0,Ошибка: Угол ног в кресле
14:28:43,sitting,30.2,2.6,352.0,Ошибка: Угол ног в кресле
14:28:43,sitting,33.5,3.0,352.0,Ошибка: Угол ног в кресле
14:28:43,sitting,33.7,3.6,352.0,Ошибка: Угол ног в кресле
14:28:43,sitting,33.7,4.1,352.0,Ошибка: Угол ног в кресле
14:28:43,sitting,43.9,3.1,352.0,Ошибка: Угол ног в кресле
14:28:43,sitting,40.2,2.8,352.0,Ошибка: Угол ног в кресле
14:28:43,sitting,37.8,5.1,352.0,Ошибка: Угол ног в кресле
14:28:43,sitting,37.4,6.0,352.0,Ошибка: Угол ног в кресле
14:28:43,sitting,35.9,6.0,352.0,Ошибка: Угол ног в кресле
14:28:43,sitting,27.6,4.1,352.0,Ошибка: Угол ног в кресле
14:28:43,sitting,27.8,3.1,352.0,Ошибка: Угол ног в кресле
14:28:43,sitting,28.1,2.7,352.0,Ошибка: Угол ног в кресле
14:28:43,sitting,29.3,2.3,352.0,Ошибка: Угол ног в кресле
14:28:43,sitting,31.3,3.7,352.0,Ошибка: Угол ног в кресле
14:28:43,sitting,37.0,5.0,352.0,Ошибка: Угол ног в кресле
14:28:43,sitting,38.5,5.6,352.0,Ошибка: Угол ног в кресле
14:28:44,sitting,38.6,3.8,352.0,Ошибка: Угол ног в кресле
14:28:44,sitting,37.1,5.1,352.0,Ошибка: Угол ног в кресле
14:28:44,sitting,37.2,3.2,352.0,Ошибка: Угол ног в кресле
14:28:44,sitting,32.1,2.9,352.0,Ошибка: Угол ног в кресле
14:28:44,sitting,28.0,4.7,352.0,Ошибка: Угол ног в кресле
14:28:44,sitting,29.3,3.2,352.0,Ошибка: Угол ног в кресле
14:28:44,sitting,29.8,4.6,352.0,Ошибка: Угол ног в кресле
14:28:44,sitting,29.4,3.4,352.0,Ошибка: Угол ног в кресле
14:28:44,sitting,32.2,5.3,352.0,Ошибка: Угол ног в кресле
14:28:44,sitting,33.6,3.7,352.0,Ошибка: Угол ног в кресле
14:28:44,sitting,30.8,3.3,352.0,Ошибка: Угол ног в кресле
14:28:44,sitting,30.5,2.7,352.0,Ошибка: Угол ног в кресле
14:28:44,sitting,29.3,3.0,352.0,Ошибка: Угол ног в кресле
14:28:44,sitting,24.8,2.9,352.0,Ошибка: Угол ног в кресле
14:28:44,sitting,23.8,2.6,352.0,Ошибка: Угол ног в кресле
14:28:44,sitting,26.9,3.3,352.0,Ошибка: Угол ног в кресле
14:28:44,sitting,27.5,2.8,352.0,Ошибка: Угол ног в кресле
14:28:44,sitting,27.8,2.8,352.0,Ошибка: Угол ног в кресле
14:28:44,sitting,35.9,2.6,352.0,Ошибка: Угол ног в кресле
14:28:44,sitting,38.0,4.9,352.0,Ошибка: Угол ног в кресле
14:28:44,sitting,35.0,5.7,352.0,Ошибка: Угол ног в кресле
14:28:44,sitting,34.8,6.2,352.0,Ошибка: Угол ног в кресле
14:28:45,sitting,35.7,4.9,352.0,Ошибка: Угол ног в кресле
14:28:45,sitting,30.1,5.9,352.0,Ошибка: Угол ног в кресле
14:28:45,sitting,30.4,3.9,352.0,Ошибка: Угол ног в кресле
14:28:45,sitting,30.5,3.3,352.0,Ошибка: Угол ног в кресле
14:28:45,sitting,30.2,3.0,352.0,Ошибка: Угол ног в кресле
14:28:45,sitting,33.0,3.4,352.0,Ошибка: Угол ног в кресле
14:28:45,sitting,33.7,3.2,352.0,Ошибка: Угол ног в кресле
14:28:45,sitting,34.1,4.9,352.0,Ошибка: Угол ног в кресле
14:28:45,sitting,36.0,3.9,352.0,Ошибка: Угол ног в кресле
14:28:45,sitting,36.7,3.4,352.0,Ошибка: Угол ног в кресле
14:28:45,sitting,32.8,4.7,352.0,Ошибка: Угол ног в кресле
14:28:45,sitting,30.7,3.9,352.0,Ошибка: Угол ног в кресле
14:28:45,sitting,28.3,3.3,352.0,Ошибка: Угол ног в кресле
14:28:45,sitting,25.9,3.4,352.0,Ошибка: Угол ног в кресле
14:28:45,sitting,25.4,3.4,352.0,Ошибка: Угол ног в кресле
14:28:45,sitting,25.6,5.1,352.0,Ошибка: Угол ног в кресле
14:28:45,sitting,26.5,3.8,352.0,Ошибка: Угол ног в кресле
14:28:45,sitting,27.4,6.1,352.0,Ошибка: Угол ног в кресле
14:28:45,sitting,26.2,6.6,352.0,Ошибка: Угол ног в кресле
14:28:45,sitting,25.3,6.9,352.0,Ошибка: Угол ног в кресле
14:28:45,sitting,25.5,5.1,352.0,Ошибка: Угол ног в кресле
14:28:46,sitting,28.5,4.5,352.0,Ошибка: Угол ног в кресле
14:28:46,sitting,27.2,3.4,352.0,Ошибка: Угол ног в кресле
14:28:46,sitting,27.1,3.1,352.0,Ошибка: Угол ног в кресле
14:28:46,sitting,29.0,4.2,352.0,Ошибка: Угол ног в кресле
14:28:46,sitting,29.3,4.0,352.0,Ошибка: Угол ног в кресле
14:28:46,sitting,24.7,6.1,352.0,Ошибка: Угол ног в кресле
14:28:46,sitting,25.3,6.3,352.0,Ошибка: Угол ног в кресле
14:28:46,sitting,25.8,6.9,352.0,Ошибка: Угол ног в кресле
14:28:46,sitting,25.0,6.9,352.0,Ошибка: Угол ног в кресле
14:28:46,sitting,25.7,7.2,352.0,Ошибка: Угол ног в кресле
14:28:46,sitting,27.0,7.5,352.0,Ошибка: Угол ног в кресле
14:28:46,sitting,27.7,7.5,352.0,Ошибка: Угол ног в кресле
14:28:46,sitting,29.3,7.4,352.0,Ошибка: Угол ног в кресле
14:28:46,sitting,29.1,7.1,352.0,Ошибка: Угол ног в кресле
14:28:46,sitting,27.4,4.1,352.0,Ошибка: Угол ног в кресле
14:28:46,sitting,26.6,5.2,352.0,Ошибка: Угол ног в кресле
14:28:46,sitting,25.0,5.6,352.0,Ошибка: Угол ног в кресле
14:28:46,sitting,22.9,6.0,352.0,Ошибка: Угол ног в кресле
14:28:46,sitting,22.6,3.4,352.0,Ошибка: Угол ног в кресле
14:28:46,sitting,23.7,5.0,352.0,Ошибка: Угол ног в кресле
14:28:46,sitting,23.2,6.1,352.0,Ошибка: Угол ног в кресле
14:28:47,sitting,25.3,6.1,352.0,Ошибка: Угол ног в кресле
14:28:47,sitting,26.3,6.3,352.0,Ошибка: Угол ног в кресле
14:28:47,sitting,24.7,6.3,352.0,Ошибка: Угол ног в кресле
14:28:47,sitting,24.4,6.5,352.0,Ошибка: Угол ног в кресле
14:28:47,sitting,24.4,6.4,352.0,Ошибка: Угол ног в кресле
14:28:47,sitting,22.2,3.6,352.0,Ошибка: Угол ног в кресле
14:28:47,sitting,21.5,4.1,352.0,Ошибка: Угол ног в кресле
14:28:47,sitting,24.0,4.6,352.0,Ошибка: Угол ног в кресле
14:28:47,sitting,23.8,5.4,352.0,Ошибка: Угол ног в кресле
14:28:47,sitting,25.1,5.8,352.0,Ошибка: Угол ног в кресле
14:28:47,sitting,26.7,5.9,352.0,Ошибка: Угол ног в кресле
14:28:47,sitting,30.4,6.2,352.0,Ошибка: Угол ног в кресле
14:28:47,sitting,33.1,6.6,352.0,Ошибка: Угол ног в кресле
14:28:47,sitting,34.0,6.5,352.0,Ошибка: Угол ног в кресле
14:28:47,sitting,34.0,6.6,352.0,Ошибка: Угол ног в кресле
14:28:47,sitting,42.1,6.7,352.0,Ошибка: Угол ног в кресле
14:28:47,sitting,45.9,6.9,352.0,Ошибка: Угол ног в кресле
14:28:47,sitting,50.4,6.9,352.0,Ошибка: Угол ног в кресле
14:28:47,sitting,52.6,6.8,352.0,Ошибка: Угол ног в кресле
14:28:47,sitting,53.2,6.7,352.0,Ошибка: Угол ног в кресле
14:28:47,sitting,46.1,6.7,352.0,Ошибка: Угол ног в кресле
14:28:48,sitting,46.1,6.6,352.0,Ошибка: Угол ног в кресле
14:28:48,sitting,42.9,6.6,352.0,Ошибка: Угол ног в кресле
14:28:48,sitting,38.8,6.5,352.0,Ошибка: Угол ног в кресле
14:28:48,sitting,41.4,6.5,352.0,Ошибка: Угол ног в кресле
14:28:48,sitting,44.4,6.5,352.0,Ошибка: Угол ног в кресле
14:28:48,sitting,41.7,6.5,352.0,Ошибка: Угол ног в кресле
14:28:48,sitting,38.9,6.6,352.0,Ошибка: Угол ног в кресле
14:28:48,sitting,42.1,6.7,352.0,Ошибка: Угол ног в кресле
14:28:48,sitting,41.1,6.5,352.0,Ошибка: Угол ног в кресле
14:28:48,sitting,38.2,6.6,352.0,Ошибка: Угол ног в кресле
14:28:48,sitting,38.9,6.6,352.0,Ошибка: Угол ног в кресле
14:28:48,sitting,38.8,6.6,352.0,Ошибка: Угол ног в кресле
14:28:48,sitting,38.4,6.5,352.0,Ошибка: Угол ног в кресле
14:28:48,sitting,43.2,6.7,352.0,Ошибка: Угол ног в кресле
14:28:48,sitting,49.4,6.7,352.0,Ошибка: Угол ног в кресле
14:28:48,sitting,51.1,6.4,352.0,Ошибка: Угол ног в кресле
14:28:48,sitting,55.8,6.2,352.0,Ошибка: Угол ног в кресле
14:28:48,sitting,59.9,6.1,352.0,Ошибка: Угол ног в кресле
14:28:48,sitting,56.2,6.4,352.0,Ошибка: Угол ног в кресле
14:28:48,sitting,51.4,6.5,352.0,Ошибка: Угол ног в кресле
14:28:48,sitting,54.8,6.5,352.0,Ошибка: Угол ног в кресле
14:28:48,sitting,55.9,5.7,352.0,Ошибка: Угол ног в кресле
14:28:49,sitting,60.6,5.8,352.0,Ошибка: Угол ног в кресле
14:28:49,sitting,67.9,5.8,352.0,Ошибка: Угол ног в кресле
14:28:49,sitting,76.2,5.6,352.0,Посадка в норме
14:28:49,sitting,77.0,5.8,352.0,Посадка в норме
14:28:49,sitting,68.5,5.9,352.0,Ошибка: Угол ног в кресле
14:28:49,sitting,57.7,5.8,352.0,Ошибка: Угол ног в кресле
14:28:49,sitting,46.8,5.9,352.0,Ошибка: Угол ног в кресле
14:28:49,sitting,38.8,5.9,352.0,Ошибка: Угол ног в кресле
14:28:49,sitting,34.5,6.1,352.0,Ошибка: Угол ног в кресле
14:28:49,sitting,43.0,6.2,352.0,Ошибка: Угол ног в кресле
14:28:49,sitting,44.0,6.1,352.0,Ошибка: Угол ног в кресле
14:28:49,sitting,46.5,6.0,352.0,Ошибка: Угол ног в кресле
14:28:49,sitting,48.2,6.0,352.0,Ошибка: Угол ног в кресле
14:28:49,sitting,44.8,6.0,352.0,Ошибка: Угол ног в кресле
14:28:49,sitting,44.8,6.0,352.0,Ошибка: Угол ног в кресле
14:28:49,sitting,50.4,6.1,352.0,Ошибка: Угол ног в кресле
14:28:49,sitting,54.3,6.1,352.0,Ошибка: Угол ног в кресле
14:28:49,sitting,59.1,6.0,352.0,Ошибка: Угол ног в кресле
14:28:49,sitting,59.3,6.0,352.0,Ошибка: Угол ног в кресле
14:28:49,sitting,53.8,5.9,352.0,Ошибка: Угол ног в кресле
14:28:49,sitting,54.8,5.9,352.0,Ошибка: Угол ног в кресле
14:28:50,sitting,54.7,5.8,352.0,Ошибка: Угол ног в кресле
14:28:50,sitting,49.0,5.9,352.0,Ошибка: Угол ног в кресле
14:28:50,sitting,48.2,5.8,352.0,Ошибка: Угол ног в кресле
14:28:50,sitting,48.4,5.9,352.0,Ошибка: Угол ног в кресле
14:28:50,sitting,44.7,5.9,352.0,Ошибка: Угол ног в кресле
14:28:50,sitting,43.3,5.9,352.0,Ошибка: Угол ног в кресле
14:28:50,sitting,46.0,5.9,352.0,Ошибка: Угол ног в кресле
14:28:50,sitting,49.3,5.9,352.0,Ошибка: Угол ног в кресле
14:28:50,sitting,50.8,5.9,352.0,Ошибка: Угол ног в кресле
14:28:50,sitting,48.7,5.8,352.0,Ошибка: Угол ног в кресле
14:28:50,sitting,45.7,5.7,352.0,Ошибка: Угол ног в кресле
14:28:50,sitting,43.1,5.9,352.0,Ошибка: Угол ног в кресле
14:28:50,sitting,41.8,6.0,352.0,Ошибка: Угол ног в кресле
14:28:50,sitting,44.1,6.1,352.0,Ошибка: Угол ног в кресле
14:28:50,sitting,46.8,6.1,352.0,Ошибка: Угол ног в кресле
14:28:50,sitting,55.8,4.0,352.0,Ошибка: Угол ног в кресле
14:28:50,sitting,63.4,4.7,352.0,Ошибка: Угол ног в кресле
14:28:50,sitting,79.5,4.9,352.0,Посадка в норме
14:28:50,sitting,85.2,5.1,444.1,Посадка в норме
14:28:50,sitting,96.1,4.3,635.1,Посадка в норме
14:28:50,sitting,84.0,4.5,422.0,Посадка в норме
14:28:50,sitting,88.1,5.9,494.8,Посадка в норме
14:28:51,sitting,74.0,3.7,352.0,Ошибка: Угол ног в кресле
14:28:51,sitting,75.4,4.5,352.0,Посадка в норме
14:28:51,sitting,77.0,4.6,352.0,Посадка в норме
14:28:51,sitting,94.1,4.5,600.8,Посадка в норме
14:28:51,sitting,97.3,4.9,657.0,Посадка в норме
14:28:51,sitting,116.9,5.0,1001.5,Ошибка: Угол ног в кресле
14:28:51,sitting,130.2,3.2,1235.9,Ошибка: Угол ног в кресле
14:28:51,sitting,140.8,3.2,1422.5,Ошибка: Угол ног в кресле
14:28:51,sitting,155.3,3.8,1678.0,Ошибка: Угол ног в кресле
14:28:51,sitting,167.2,4.2,1632.8,Ошибка: Угол ног в кресле
14:28:51,sitting,171.9,4.2,1550.2,Ошибка: Угол ног в кресле
14:28:51,sitting,175.1,4.3,1494.7,Ошибка: Угол ног в кресле
14:28:51,sitting,177.5,4.6,1452.5,Ошибка: Угол ног в кресле
14:28:51,sitting,176.9,5.3,1462.9,Ошибка: Угол ног в кресле
14:28:51,sitting,176.4,5.3,1472.1,Ошибка: Угол ног в кресле
14:28:51,sitting,176.6,5.3,1467.1,Ошибка: Угол ног в кресле
14:28:51,sitting,176.9,5.2,1463.4,Ошибка: Угол ног в кресле
14:28:51,sitting,177.2,5.2,1457.3,Ошибка: Угол ног в кресле
14:28:51,sitting,177.5,5.3,1452.1,Ошибка: Угол ног в кресле
14:28:51,sitting,177.5,5.3,1451.6,Ошибка: Угол ног в кресле
14:28:51,sitting,177.3,5.2,1454.7,Ошибка: Угол ног в кресле
14:28:52,sitting,177.2,5.2,1456.7,Ошибка: Угол ног в кресле
14:28:52,sitting,176.7,5.2,1466.1,Ошибка: Угол ног в кресле
14:28:52,sitting,176.1,5.1,1476.0,Ошибка: Угол ног в кресле
14:28:52,sitting,175.7,5.1,1483.4,Ошибка: Угол ног в кресле
14:28:52,sitting,175.4,5.1,1489.2,Ошибка: Угол ног в кресле
14:28:52,sitting,175.2,5.2,1493.1,Ошибка: Угол ног в кресле
14:28:52,sitting,175.3,5.2,1491.3,Ошибка: Угол ног в кресле
14:28:52,sitting,175.4,5.1,1488.6,Ошибка: Угол ног в кресле
14:28:52,sitting,175.5,5.0,1486.5,Ошибка: Угол ног в кресле
14:28:52,sitting,175.5,4.9,1486.5,Ошибка: Угол ног в кресле
14:28:52,sitting,175.6,4.9,1486.3,Ошибка: Угол ног в кресле
14:28:52,sitting,175.5,4.6,1487.2,Ошибка: Угол ног в кресле
14:28:52,sitting,175.4,4.5,1488.2,Ошибка: Угол ног в кресле
14:28:52,sitting,175.4,4.5,1488.1,Ошибка: Угол ног в кресле
14:28:52,sitting,175.5,4.5,1487.7,Ошибка: Угол ног в кресле
14:28:52,sitting,175.6,4.8,1485.7,Ошибка: Угол ног в кресле
14:28:52,sitting,175.7,4.8,1484.1,Ошибка: Угол ног в кресле
14:28:52,sitting,176.1,4.9,1476.4,Ошибка: Угол ног в кресле
14:28:52,sitting,176.2,4.9,1474.7,Ошибка: Угол ног в кресле
14:28:52,sitting,176.2,4.8,1474.5,Ошибка: Угол ног в кресле
14:28:52,sitting,176.1,4.9,1476.7,Ошибка: Угол ног в кресле
14:28:53,sitting,176.1,4.9,1477.3,Ошибка: Угол ног в кресле
14:28:53,sitting,175.7,5.0,1483.1,Ошибка: Угол ног в кресле
14:28:53,sitting,175.7,5.1,1483.4,Ошибка: Угол ног в кресле
14:28:53,sitting,175.9,5.1,1480.2,Ошибка: Угол ног в кресле
14:28:53,sitting,176.1,5.1,1476.7,Ошибка: Угол ног в кресле
14:28:53,sitting,176.2,5.1,1474.5,Ошибка: Угол ног в кресле
14:28:53,sitting,176.4,5.2,1471.3,Ошибка: Угол ног в кресле
14:28:53,sitting,176.3,5.1,1472.4,Ошибка: Угол ног в кресле
14:28:53,sitting,176.4,5.0,1472.0,Ошибка: Угол ног в кресле
14:28:53,sitting,176.4,4.9,1472.0,Ошибка: Угол ног в кресле
14:28:53,sitting,176.4,4.9,1471.8,Ошибка: Угол ног в кресле
14:28:53,sitting,176.4,4.9,1472.0,Ошибка: Угол ног в кресле
14:28:53,sitting,176.4,4.8,1471.0,Ошибка: Угол ног в кресле
14:28:53,sitting,176.3,4.9,1472.3,Ошибка: Угол ног в кресле
14:28:53,sitting,176.3,4.8,1473.3,Ошибка: Угол ног в кресле
14:28:53,sitting,176.3,5.0,1472.6,Ошибка: Угол ног в кресле
14:28:53,sitting,176.6,5.0,1467.6,Ошибка: Угол ног в кресле
14:28:53,sitting,176.8,4.9,1463.8,Ошибка: Угол ног в кресле
14:28:53,sitting,176.8,4.8,1464.1,Ошибка: Угол ног в кресле
14:28:53,sitting,176.7,4.8,1465.4,Ошибка: Угол ног в кресле
14:28:53,sitting,176.7,5.1,1466.2,Ошибка: Угол ног в кресле
14:28:53,sitting,176.3,5.2,1473.1,Ошибка: Угол ног в кресле
14:28:54,sitting,176.2,5.2,1474.6,Ошибка: Угол ног в кресле
14:28:54,sitting,176.3,5.2,1473.1,Ошибка: Угол ног в кресле
14:28:54,sitting,176.6,5.1,1468.3,Ошибка: Угол ног в кресле
14:28:54,sitting,177.3,4.7,1456.0,Ошибка: Угол ног в кресле
14:28:54,sitting,177.7,4.8,1447.8,Ошибка: Угол ног в кресле
14:28:54,sitting,177.8,5.0,1445.9,Ошибка: Угол ног в кресле
14:28:54,sitting,177.9,5.0,1445.6,Ошибка: Угол ног в кресле
14:28:54,sitting,177.7,4.9,1448.2,Ошибка: Угол ног в кресле
14:28:54,sitting,177.0,4.8,1461.5,Ошибка: Угол ног в кресле
14:28:54,sitting,176.2,4.9,1475.7,Ошибка: Угол ног в кресле
14:28:54,sitting,175.6,5.0,1486.0,Ошибка: Угол ног в кресле
14:28:54,sitting,175.2,4.9,1493.4,Ошибка: Угол ног в кресле
14:28:54,sitting,174.7,5.2,1501.3,Ошибка: Угол ног в кресле
14:28:54,sitting,174.7,5.0,1500.5,Ошибка: Угол ног в кресле
14:28:54,sitting,175.3,5.2,1489.9,Ошибка: Угол ног в кресле
14:28:54,sitting,175.2,3.7,1491.9,Ошибка: Угол ног в кресле
14:28:54,sitting,175.4,3.8,1489.0,Ошибка: Угол ног в кресле
14:28:54,sitting,175.7,4.1,1484.2,Ошибка: Угол ног в кресле
14:28:54,sitting,175.4,4.2,1488.6,Ошибка: Угол ног в кресле
14:28:54,sitting,174.9,4.3,1497.4,Ошибка: Угол ног в кресле
14:28:54,sitting,175.2,4.6,1492.7,Ошибка: Угол ног в кресле
14:28:55,sitting,175.7,4.5,1484.3,Ошибка: Угол ног в кресле
14:28:55,sitting,176.4,4.6,1471.7,Ошибка: Угол ног в кресле
14:28:55,sitting,176.3,4.9,1473.7,Ошибка: Угол ног в кресле
14:28:55,sitting,174.7,5.1,1501.7,Ошибка: Угол ног в кресле
14:28:55,sitting,170.2,6.8,1580.3,Ошибка: Угол ног в кресле
14:28:55,sitting,164.6,6.8,1679.1,Ошибка: Угол ног в кресле
14:28:55,sitting,157.6,6.9,1718.6,Ошибка: Угол ног в кресле
14:28:55,sitting,154.2,6.8,1657.3,Ошибка: Угол ног в кресле
14:28:55,sitting,151.0,6.9,1601.9,Ошибка: Угол ног в кресле
14:28:55,sitting,147.8,7.2,1545.5,Ошибка: Угол ног в кресле
14:28:55,sitting,146.5,7.4,1521.7,Ошибка: Угол ног в кресле
14:28:55,sitting,146.6,7.2,1524.6,Ошибка: Угол ног в кресле
14:28:55,sitting,143.7,6.9,1473.0,Ошибка: Угол ног в кресле
14:28:55,sitting,142.5,6.8,1451.8,Ошибка: Угол ног в кресле
14:28:55,sitting,144.3,6.8,1483.3,Ошибка: Угол ног в кресле
14:28:55,sitting,144.9,6.8,1494.2,Ошибка: Угол ног в кресле
14:28:55,sitting,145.0,6.8,1496.5,Ошибка: Угол ног в кресле
14:28:55,sitting,146.0,6.6,1514.4,Ошибка: Угол ног в кресле
14:28:55,sitting,147.5,6.7,1540.5,Ошибка: Угол ног в кресле
14:28:55,sitting,148.4,6.7,1555.2,Ошибка: Угол ног в кресле
14:28:55,sitting,150.1,6.7,1586.4,Ошибка: Угол ног в кресле
14:28:55,sitting,152.6,6.2,1629.6,Ошибка: Угол ног в кресле
14:28:56,sitting,155.1,6.0,1673.9,Ошибка: Угол ног в кресле
14:28:56,sitting,156.6,5.7,1700.3,Ошибка: Угол ног в кресле
14:28:56,sitting,159.1,5.7,1743.7,Ошибка: Угол ног в кресле
14:28:56,sitting,162.2,5.5,1720.8,Ошибка: Угол ног в кресле
14:28:56,sitting,165.9,5.1,1656.2,Ошибка: Угол ног в кресле
14:28:56,sitting,169.6,5.2,1591.6,Ошибка: Угол ног в кресле
14:28:56,sitting,173.5,5.4,1521.9,Ошибка: Угол ног в кресле
14:28:56,sitting,176.7,5.2,1465.9,Ошибка: Угол ног в кресле
14:28:56,sitting,178.4,5.0,1435.3,Ошибка: Угол ног в кресле
14:28:56,sitting,178.8,3.7,1429.1,Ошибка: Угол ног в кресле
14:28:56,sitting,178.0,3.8,1443.4,Ошибка: Угол ног в кресле
14:28:56,sitting,176.9,3.9,1462.2,Ошибка: Угол ног в кресле
14:28:56,sitting,176.2,4.4,1474.8,Ошибка: Угол ног в кресле
14:28:56,sitting,175.4,4.2,1489.2,Ошибка: Угол ног в кресле
14:28:56,sitting,175.1,4.8,1495.0,Ошибка: Угол ног в кресле
14:28:56,sitting,176.0,5.1,1478.9,Ошибка: Угол ног в кресле
14:28:56,sitting,177.0,5.3,1460.7,Ошибка: Угол ног в кресле
14:28:56,sitting,178.0,5.4,1443.0,Ошибка: Угол ног в кресле
14:28:56,sitting,179.0,5.4,1426.4,Ошибка: Угол ног в кресле
14:28:56,sitting,179.6,5.3,1415.7,Ошибка: Угол ног в кресле
14:28:56,sitting,179.7,5.4,1412.6,Ошибка: Угол ног в кресле
14:28:57,sitting,179.7,5.6,1414.0,Ошибка: Угол ног в кресле
14:28:57,sitting,178.9,5.2,1427.1,Ошибка: Угол ног в кресле
14:28:57,sitting,178.1,4.8,1442.2,Ошибка: Угол ног в кресле
14:28:57,sitting,177.4,4.8,1452.9,Ошибка: Угол ног в кресле
14:28:57,sitting,176.5,4.8,1469.6,Ошибка: Угол ног в кресле
14:28:57,sitting,175.5,5.0,1486.5,Ошибка: Угол ног в кресле
14:28:57,sitting,175.2,4.8,1492.0,Ошибка: Угол ног в кресле
14:28:57,sitting,170.9,3.4,1567.4,Ошибка: Угол ног в кресле
14:28:57,sitting,166.7,2.3,1642.5,Ошибка: Угол ног в кресле
14:28:57,sitting,161.7,3.0,1730.6,Ошибка: Угол ног в кресле
14:28:57,sitting,156.8,3.8,1704.2,Ошибка: Угол ног в кресле
14:28:57,sitting,149.8,3.1,1580.0,Ошибка: Угол ног в кресле
14:28:57,sitting,144.9,2.8,1494.9,Ошибка: Угол ног в кресле
14:28:57,sitting,139.3,2.7,1395.4,Ошибка: Угол ног в кресле
14:28:57,sitting,133.1,2.3,1286.3,Ошибка: Угол ног в кресле
14:28:57,sitting,126.7,2.2,1174.6,Ошибка: Угол ног в кресле
14:28:57,sitting,120.1,2.3,1058.6,Ошибка: Угол ног в кресле
14:28:57,sitting,116.8,2.4,999.4,Ошибка: Угол ног в кресле
14:28:57,sitting,114.5,2.1,958.8,Посадка в норме
14:28:57,sitting,115.2,2.4,971.0,Ошибка: Угол ног в кресле
14:28:57,sitting,115.7,2.5,979.9,Ошибка: Угол ног в кресле
14:28:57,sitting,118.9,2.6,1037.0,Ошибка: Угол ног в кресле
14:28:58,sitting,120.5,3.9,1064.7,Ошибка: Угол ног в кресле
14:28:58,sitting,118.6,3.9,1031.3,Ошибка: Угол ног в кресле
14:28:58,sitting,116.3,3.9,990.6,Ошибка: Угол ног в кресле
14:28:58,sitting,108.1,4.0,847.2,Посадка в норме
14:28:58,sitting,102.5,4.2,747.6,Посадка в норме
14:28:58,sitting,96.0,4.1,633.4,Посадка в норме
14:28:58,sitting,93.4,4.3,588.6,Посадка в норме
14:28:58,sitting,88.9,4.4,507.8,Посадка в норме
14:28:58,sitting,91.3,4.4,550.8,Посадка в норме
14:28:58,sitting,92.6,4.6,574.6,Посадка в норме
14:28:58,sitting,98.1,4.8,669.8,Посадка в норме
14:28:58,sitting,102.2,4.6,743.2,Посадка в норме
14:28:58,sitting,107.2,4.5,830.5,Посадка в норме
14:28:58,sitting,107.5,4.5,835.4,Посадка в норме
14:28:58,sitting,106.1,4.6,810.8,Посадка в норме
14:28:58,sitting,99.4,4.3,693.9,Посадка в норме
14:28:58,sitting,90.0,4.1,527.4,Посадка в норме
14:28:58,sitting,79.2,4.1,352.0,Посадка в норме
14:28:58,sitting,75.1,4.1,352.0,Посадка в норме
14:28:58,sitting,69.6,3.8,352.0,Ошибка: Угол ног в кресле
14:28:58,sitting,67.2,3.9,352.0,Ошибка: Угол ног в кресле
14:28:59,sitting,70.1,3.8,352.0,Ошибка: Угол ног в кресле
14:28:59,sitting,75.8,3.8,352.0,Посадка в норме
14:28:59,sitting,79.6,3.8,352.0,Посадка в норме
14:28:59,sitting,83.6,3.9,415.4,Посадка в норме
14:28:59,sitting,83.4,3.9,412.3,Посадка в норме
14:28:59,sitting,81.7,3.8,382.2,Посадка в норме
14:28:59,sitting,79.0,3.7,352.0,Посадка в норме
14:28:59,sitting,75.3,3.8,352.0,Посадка в норме
14:28:59,sitting,71.2,3.7,352.0,Ошибка: Угол ног в кресле
14:28:59,sitting,69.4,3.9,352.0,Ошибка: Угол ног в кресле
14:28:59,sitting,67.9,3.9,352.0,Ошибка: Угол ног в кресле
14:28:59,sitting,64.6,3.9,352.0,Ошибка: Угол ног в кресле
14:28:59,sitting,65.1,4.0,352.0,Ошибка: Угол ног в кресле
14:28:59,sitting,68.6,4.1,352.0,Ошибка: Угол ног в кресле
14:28:59,sitting,72.6,4.2,352.0,Ошибка: Угол ног в кресле
14:28:59,sitting,76.7,4.3,352.0,Посадка в норме
14:28:59,sitting,84.0,4.6,422.9,Посадка в норме
14:28:59,sitting,84.9,4.2,437.9,Посадка в норме
14:28:59,sitting,82.7,4.2,399.4,Посадка в норме
14:28:59,sitting,80.9,4.2,368.4,Посадка в норме
14:28:59,sitting,78.0,4.1,352.0,Посадка в норме
14:28:59,sitting,73.9,4.2,352.0,Ошибка: Угол ног в кресле
14:29:00,sitting,74.4,4.1,352.0,Ошибка: Угол ног в кресле
14:29:00,sitting,78.0,4.2,352.0,Посадка в норме
14:29:00,sitting,77.9,4.1,352.0,Посадка в норме
14:29:00,sitting,76.5,4.1,352.0,Посадка в норме
14:29:00,sitting,73.5,4.1,352.0,Ошибка: Угол ног в кресле
14:29:00,sitting,68.7,4.1,352.0,Ошибка: Угол ног в кресле
14:29:00,sitting,64.8,4.3,352.0,Ошибка: Угол ног в кресле
14:29:00,sitting,63.7,4.4,352.0,Ошибка: Угол ног в кресле
14:29:00,sitting,63.9,4.2,352.0,Ошибка: Угол ног в кресле
14:29:00,sitting,61.1,4.1,352.0,Ошибка: Угол ног в кресле
14:29:00,sitting,58.6,4.0,352.0,Ошибка: Угол ног в кресле
14:29:00,sitting,53.1,4.0,352.0,Ошибка: Угол ног в кресле
14:29:00,sitting,48.5,4.0,352.0,Ошибка: Угол ног в кресле
14:29:00,sitting,44.8,3.9,352.0,Ошибка: Угол ног в кресле
14:29:00,sitting,45.8,3.9,352.0,Ошибка: Угол ног в кресле
14:29:00,sitting,48.1,4.3,352.0,Ошибка: Угол ног в кресле
14:29:00,sitting,51.0,4.4,352.0,Ошибка: Угол ног в кресле
14:29:00,sitting,52.3,4.1,352.0,Ошибка: Угол ног в кресле
14:29:00,sitting,53.1,4.3,352.0,Ошибка: Угол ног в кресле
14:29:00,sitting,59.2,4.4,352.0,Ошибка: Угол ног в кресле
14:29:00,sitting,62.3,4.3,352.0,Ошибка: Угол ног в кресле
14:29:01,sitting,65.2,4.3,352.0,Ошибка: Угол ног в кресле
14:29:01,sitting,69.6,4.2,352.0,Ошибка: Угол ног в кресле
14:29:01,sitting,72.3,4.3,352.0,Ошибка: Угол ног в кресле
14:29:01,sitting,65.3,4.1,352.0,Ошибка: Угол ног в кресле
14:29:01,sitting,62.2,4.4,352.0,Ошибка: Угол ног в кресле
14:29:01,sitting,55.9,4.3,352.0,Ошибка: Угол ног в кресле
14:29:01,sitting,50.6,4.0,352.0,Ошибка: Угол ног в кресле
14:29:01,sitting,46.9,4.0,352.0,Ошибка: Угол ног в кресле
14:29:01,sitting,45.0,4.0,352.0,Ошибка: Угол ног в кресле
14:29:01,sitting,44.1,4.2,352.0,Ошибка: Угол ног в кресле
14:29:01,sitting,50.7,4.3,352.0,Ошибка: Угол ног в кресле
14:29:01,sitting,50.8,4.0,352.0,Ошибка: Угол ног в кресле
14:29:01,sitting,52.2,3.9,352.0,Ошибка: Угол ног в кресле
14:29:01,sitting,57.5,3.8,352.0,Ошибка: Угол ног в кресле
14:29:01,sitting,55.1,3.8,352.0,Ошибка: Угол ног в кресле
14:29:01,sitting,48.8,3.8,352.0,Ошибка: Угол ног в кресле
14:29:01,sitting,47.1,3.8,352.0,Ошибка: Угол ног в кресле
14:29:01,sitting,45.0,3.9,352.0,Ошибка: Угол ног в кресле
14:29:01,sitting,40.8,3.9,352.0,Ошибка: Угол ног в кресле
14:29:01,sitting,40.9,3.8,352.0,Ошибка: Угол ног в кресле
14:29:01,sitting,42.3,4.0,352.0,Ошибка: Угол ног в кресле
14:29:02,sitting,40.9,3.9,352.0,Ошибка: Угол ног в кресле
14:29:02,sitting,39.5,3.8,352.0,Ошибка: Угол ног в кресле
14:29:02,sitting,36.3,3.8,352.0,Ошибка: Угол ног в кресле
14:29:02,sitting,32.4,3.8,352.0,Ошибка: Угол ног в кресле
14:29:02,sitting,24.2,3.8,352.0,Ошибка: Угол ног в кресле
14:29:02,sitting,21.1,3.8,352.0,Ошибка: Угол ног в кресле
14:29:02,sitting,17.3,3.9,352.0,Ошибка: Угол ног в кресле
14:29:02,sitting,18.0,4.1,352.0,Ошибка: Угол ног в кресле
14:29:02,sitting,18.5,4.0,352.0,Ошибка: Угол ног в кресле
14:29:02,sitting,20.1,3.7,352.0,Ошибка: Угол ног в кресле
14:29:02,sitting,22.5,3.4,352.0,Ошибка: Угол ног в кресле
14:29:02,sitting,24.5,3.5,352.0,Ошибка: Угол ног в кресле
14:29:02,sitting,23.0,3.5,352.0,Ошибка: Угол ног в кресле
14:29:02,sitting,21.9,3.5,352.0,Ошибка: Угол ног в кресле
14:29:02,sitting,22.1,3.8,352.0,Ошибка: Угол ног в кресле
14:29:02,sitting,21.8,4.0,352.0,Ошибка: Угол ног в кресле
14:29:02,sitting,19.9,4.2,352.0,Ошибка: Угол ног в кресле
14:29:02,sitting,17.1,4.2,352.0,Ошибка: Угол ног в кресле
14:29:02,sitting,20.2,4.1,352.0,Ошибка: Угол ног в кресле
14:29:02,sitting,22.3,4.2,352.0,Ошибка: Угол ног в кресле
14:29:02,sitting,21.5,4.2,352.0,Ошибка: Угол ног в кресле
14:29:02,sitting,23.6,4.2,352.0,Ошибка: Угол ног в кресле
14:29:03,sitting,26.1,4.0,352.0,Ошибка: Угол ног в кресле
14:29:03,sitting,22.5,4.1,352.0,Ошибка: Угол ног в кресле
14:29:03,sitting,21.9,4.2,352.0,Ошибка: Угол ног в кресле
14:29:03,sitting,21.8,4.2,352.0,Ошибка: Угол ног в кресле
14:29:03,sitting,19.3,4.2,352.0,Ошибка: Угол ног в кресле
14:29:03,sitting,17.2,4.6,352.0,Ошибка: Угол ног в кресле
14:29:03,sitting,14.6,6.0,352.0,Ошибка: Угол ног в кресле
14:29:03,sitting,15.1,5.9,352.0,Ошибка: Угол ног в кресле
14:29:03,sitting,16.7,4.6,352.0,Ошибка: Угол ног в кресле
14:29:03,sitting,19.7,4.6,352.0,Ошибка: Угол ног в кресле
14:29:03,sitting,23.6,4.6,352.0,Ошибка: Угол ног в кресле
14:29:03,sitting,25.5,4.6,352.0,Ошибка: Угол ног в кресле
14:29:03,sitting,23.6,4.7,352.0,Ошибка: Угол ног в кресле
14:29:03,sitting,20.5,5.1,352.0,Ошибка: Угол ног в кресле
14:29:03,sitting,21.2,5.0,352.0,Ошибка: Угол ног в кресле
14:29:03,sitting,16.9,4.8,352.0,Ошибка: Угол ног в кресле
14:29:03,sitting,15.0,4.8,352.0,Ошибка: Угол ног в кресле
14:29:03,sitting,13.0,4.5,352.0,Ошибка: Угол ног в кресле
14:29:03,sitting,14.3,4.6,352.0,Ошибка: Угол ног в кресле
14:29:03,sitting,11.8,4.7,352.0,Ошибка: Угол ног в кресле
14:29:03,sitting,12.3,4.2,352.0,Ошибка: Угол ног в кресле
14:29:04,sitting,11.6,4.0,352.0,Ошибка: Угол ног в кресле
14:29:04,sitting,11.8,4.0,352.0,Ошибка: Угол ног в кресле
14:29:04,sitting,11.2,4.1,352.0,Ошибка: Угол ног в кресле
14:29:04,sitting,12.9,4.1,352.0,Ошибка: Угол ног в кресле
14:29:04,sitting,12.5,4.2,352.0,Ошибка: Угол ног в кресле
14:29:04,sitting,14.3,4.1,352.0,Ошибка: Угол ног в кресле
14:29:04,sitting,14.3,4.2,352.0,Ошибка: Угол ног в кресле
14:29:04,sitting,12.9,4.2,352.0,Ошибка: Угол ног в кресле
14:29:04,sitting,10.2,4.3,352.0,Ошибка: Угол ног в кресле
14:29:04,sitting,11.1,4.3,352.0,Ошибка: Угол ног в кресле
14:29:04,sitting,11.7,4.3,352.0,Ошибка: Угол ног в кресле
14:29:04,sitting,11.2,4.2,352.0,Ошибка: Угол ног в кресле
14:29:04,sitting,11.6,4.4,352.0,Ошибка: Угол ног в кресле
14:29:04,sitting,10.9,3.9,352.0,Ошибка: Угол ног в кресле
14:29:04,sitting,11.2,3.9,352.0,Ошибка: Угол ног в кресле
14:29:04,sitting,12.1,4.0,352.0,Ошибка: Угол ног в кресле
14:29:04,sitting,14.4,4.1,352.0,Ошибка: Угол ног в кресле
14:29:04,sitting,15.5,4.1,352.0,Ошибка: Угол ног в кресле
14:29:04,sitting,14.8,4.2,352.0,Ошибка: Угол ног в кресле
14:29:04,sitting,13.1,4.3,352.0,Ошибка: Угол ног в кресле
14:29:04,sitting,12.1,4.3,352.0,Ошибка: Угол ног в кресле
14:29:05,sitting,12.1,4.2,352.0,Ошибка: Угол ног в кресле
14:29:05,sitting,11.1,4.5,352.0,Ошибка: Угол ног в кресле
14:29:05,sitting,9.7,4.6,352.0,Ошибка: Угол ног в кресле
14:29:05,sitting,10.8,4.3,352.0,Ошибка: Угол ног в кресле
14:29:05,sitting,10.1,4.3,352.0,Ошибка: Угол ног в кресле
14:29:05,sitting,12.2,4.8,352.0,Ошибка: Угол ног в кресле
14:29:05,sitting,12.3,4.8,352.0,Ошибка: Угол ног в кресле
14:29:05,sitting,14.5,4.3,352.0,Ошибка: Угол ног в кресле
14:29:05,sitting,13.6,4.1,352.0,Ошибка: Угол ног в кресле
14:29:05,sitting,14.9,4.0,352.0,Ошибка: Угол ног в кресле
14:29:05,sitting,11.1,4.0,352.0,Ошибка: Угол ног в кресле
14:29:05,sitting,14.4,3.7,352.0,Ошибка: Угол ног в кресле
14:29:05,sitting,18.3,3.8,352.0,Ошибка: Угол ног в кресле
14:29:05,sitting,22.5,3.6,352.0,Ошибка: Угол ног в кресле
14:29:05,sitting,28.4,3.6,352.0,Ошибка: Угол ног в кресле
14:29:05,sitting,33.9,3.4,352.0,Ошибка: Угол ног в кресле
14:29:05,sitting,44.3,4.0,352.0,Ошибка: Угол ног в кресле
14:29:05,sitting,56.5,4.5,352.0,Ошибка: Угол ног в кресле
14:29:05,sitting,69.3,5.2,352.0,Ошибка: Угол ног в кресле
14:29:05,sitting,83.7,4.6,416.9,Посадка в норме
14:29:05,sitting,104.5,4.2,783.3,Посадка в норме
14:29:05,sitting,117.2,4.3,1007.5,Ошибка: Угол ног в кресле
14:29:06,sitting,129.1,4.2,1215.5,Ошибка: Угол ног в кресле
14:29:06,sitting,142.7,4.6,1456.1,Ошибка: Угол ног в кресле
14:29:06,sitting,153.3,4.2,1642.2,Ошибка: Угол ног в кресле
14:29:06,sitting,159.3,4.5,1747.1,Ошибка: Угол ног в кресле
14:29:06,sitting,165.6,4.4,1661.5,Ошибка: Угол ног в кресле
14:29:06,sitting,171.1,4.3,1565.4,Ошибка: Угол ног в кресле
14:29:06,sitting,173.9,4.3,1515.2,Ошибка: Угол ног в кресле
14:29:06,sitting,174.7,4.2,1502.0,Ошибка: Угол ног в кресле
14:29:06,sitting,175.6,4.6,1486.2,Ошибка: Угол ног в кресле
14:29:06,sitting,174.8,5.6,1500.2,Ошибка: Угол ног в кресле
14:29:06,sitting,173.0,5.6,1530.7,Ошибка: Угол ног в кресле
14:29:06,sitting,172.0,5.9,1548.1,Ошибка: Угол ног в кресле
14:29:06,sitting,171.5,6.9,1556.9,Ошибка: Угол ног в кресле
14:29:06,sitting,170.9,7.0,1568.5,Ошибка: Угол ног в кресле
14:29:06,sitting,170.5,8.6,1575.2,Ошибка: Угол ног в кресле
14:29:06,sitting,172.0,9.8,1548.1,Ошибка: Угол ног в кресле
14:29:06,sitting,153.7,9.4,1649.5,Ошибка: Угол ног в кресле
14:29:06,sitting,143.3,9.7,1466.8,Ошибка: Угол ног в кресле
14:29:06,sitting,140.7,9.7,1419.6,Ошибка: Угол ног в кресле
14:29:06,sitting,137.1,10.4,1357.3,Ошибка: Угол ног в кресле
14:29:06,sitting,121.8,10.1,1087.9,Ошибка: Угол ног в кресле
14:29:07,sitting,138.9,9.8,1389.1,Ошибка: Угол ног в кресле
14:29:07,sitting,150.9,9.4,1600.4,Ошибка: Угол ног в кресле
14:29:07,sitting,154.1,9.3,1655.9,Ошибка: Угол ног в кресле
14:29:07,sitting,156.8,8.2,1703.7,Ошибка: Угол ног в кресле
14:29:07,sitting,161.5,7.5,1734.1,Ошибка: Угол ног в кресле
14:29:07,sitting,149.7,6.5,1579.5,Ошибка: Угол ног в кресле
14:29:07,sitting,129.7,6.6,1226.9,Ошибка: Угол ног в кресле
14:29:07,sitting,116.3,6.2,991.0,Ошибка: Угол ног в кресле
14:29:07,sitting,103.7,5.9,768.4,Посадка в норме
14:29:07,sitting,105.1,4.3,793.5,Посадка в норме
14:29:07,sitting,116.6,3.9,997.0,Ошибка: Угол ног в кресле
14:29:07,sitting,134.3,3.9,1307.7,Ошибка: Угол ног в кресле
14:29:07,sitting,147.2,4.5,1534.7,Ошибка: Угол ног в кресле
14:29:07,sitting,161.3,4.6,1737.0,Ошибка: Угол ног в кресле
14:29:07,sitting,170.2,3.4,1581.3,Ошибка: Угол ног в кресле
14:29:07,sitting,173.2,3.9,1528.5,Ошибка: Угол ног в кресле
14:29:07,sitting,175.8,4.2,1482.7,Ошибка: Угол ног в кресле
14:29:07,sitting,177.3,4.5,1456.3,Ошибка: Угол ног в кресле
14:29:07,sitting,178.4,4.6,1435.6,Ошибка: Угол ног в кресле
14:29:07,sitting,178.9,4.5,1426.6,Ошибка: Угол ног в кресле
14:29:07,sitting,179.3,4.6,1419.7,Ошибка: Угол ног в кресле
14:29:07,sitting,179.3,4.5,1419.9,Ошибка: Угол ног в кресле
14:29:08,sitting,179.3,5.5,1419.5,Ошибка: Угол ног в кресле
14:29:08,sitting,179.1,5.3,1423.6,Ошибка: Угол ног в кресле
14:29:08,sitting,178.5,5.3,1434.5,Ошибка: Угол ног в кресле
14:29:08,sitting,177.9,5.3,1445.7,Ошибка: Угол ног в кресле
14:29:08,sitting,177.1,5.0,1458.8,Ошибка: Угол ног в кресле
14:29:08,sitting,176.5,4.9,1470.2,Ошибка: Угол ног в кресле
14:29:08,sitting,176.1,5.0,1476.0,Ошибка: Угол ног в кресле
14:29:08,sitting,176.2,5.0,1474.6,Ошибка: Угол ног в кресле
14:29:08,sitting,176.3,5.0,1473.1,Ошибка: Угол ног в кресле
14:29:08,sitting,176.6,4.8,1467.3,Ошибка: Угол ног в кресле
14:29:08,sitting,177.1,4.8,1459.5,Ошибка: Угол ног в кресле
14:29:08,sitting,177.5,4.8,1452.2,Ошибка: Угол ног в кресле
14:29:08,sitting,177.9,4.8,1445.3,Ошибка: Угол ног в кресле
14:29:08,sitting,178.3,5.1,1438.1,Ошибка: Угол ног в кресле
14:29:08,sitting,178.6,5.1,1433.3,Ошибка: Угол ног в кресле
14:29:08,sitting,178.8,5.1,1428.6,Ошибка: Угол ног в кресле
14:29:08,sitting,178.9,5.4,1427.2,Ошибка: Угол ног в кресле
14:29:08,sitting,179.0,5.3,1426.1,Ошибка: Угол ног в кресле
14:29:08,sitting,179.0,5.4,1426.0,Ошибка: Угол ног в кресле
14:29:08,sitting,178.9,5.5,1427.5,Ошибка: Угол ног в кресле
14:29:08,sitting,178.8,5.5,1429.6,Ошибка: Угол ног в кресле
14:29:09,sitting,178.6,5.5,1433.0,Ошибка: Угол ног в кресле
14:29:09,sitting,178.4,5.5,1436.2,Ошибка: Угол ног в кресле
14:29:09,sitting,178.3,5.6,1438.5,Ошибка: Угол ног в кресле
14:29:09,sitting,178.1,5.6,1441.5,Ошибка: Угол ног в кресле
14:29:09,sitting,178.1,5.6,1440.9,Ошибка: Угол ног в кресле
14:29:09,sitting,178.3,5.6,1437.3,Ошибка: Угол ног в кресле
14:29:09,sitting,178.5,5.7,1433.9,Ошибка: Угол ног в кресле
14:29:09,sitting,178.7,5.7,1430.9,Ошибка: Угол ног в кресле
14:29:09,sitting,178.9,5.6,1426.9,Ошибка: Угол ног в кресле
14:29:09,sitting,179.0,5.7,1425.4,Ошибка: Угол ног в кресле
14:29:09,sitting,179.1,5.7,1424.7,Ошибка: Угол ног в кресле
14:29:09,sitting,179.1,5.7,1424.6,Ошибка: Угол ног в кресле
14:29:09,sitting,179.0,5.9,1425.9,Ошибка: Угол ног в кресле
14:29:09,sitting,178.7,6.0,1430.5,Ошибка: Угол ног в кресле
14:29:09,sitting,178.0,6.1,1443.7,Ошибка: Угол ног в кресле
14:29:09,sitting,177.3,6.3,1455.1,Ошибка: Угол ног в кресле
14:29:09,sitting,176.7,6.3,1466.4,Ошибка: Угол ног в кресле
14:29:09,sitting,176.1,6.4,1476.1,Ошибка: Угол ног в кресле
14:29:09,sitting,175.7,6.4,1482.9,Ошибка: Угол ног в кресле
14:29:09,sitting,175.9,6.4,1480.6,Ошибка: Угол ног в кресле
14:29:09,sitting,175.8,6.1,1481.4,Ошибка: Угол ног в кресле
14:29:09,sitting,175.6,5.9,1485.6,Ошибка: Угол ног в кресле
14:29:10,sitting,175.4,5.6,1489.0,Ошибка: Угол ног в кресле
14:29:10,sitting,175.3,5.5,1490.8,Ошибка: Угол ног в кресле
14:29:10,sitting,175.2,5.2,1493.3,Ошибка: Угол ног в кресле
14:29:10,sitting,175.1,5.1,1494.2,Ошибка: Угол ног в кресле
14:29:10,sitting,175.2,5.2,1491.8,Ошибка: Угол ног в кресле
14:29:10,sitting,175.3,5.3,1490.7,Ошибка: Угол ног в кресле
14:29:10,sitting,175.3,5.3,1491.1,Ошибка: Угол ног в кресле
14:29:10,sitting,174.8,6.0,1499.0,Ошибка: Угол ног в кресле
14:29:10,sitting,174.5,6.3,1505.1,Ошибка: Угол ног в кресле
14:29:10,sitting,173.9,6.8,1514.7,Ошибка: Угол ног в кресле
14:29:10,sitting,173.7,7.3,1519.4,Ошибка: Угол ног в кресле
14:29:10,sitting,173.1,8.1,1530.1,Ошибка: Угол ног в кресле
14:29:10,sitting,172.5,7.8,1539.7,Ошибка: Угол ног в кресле
14:29:10,sitting,171.9,7.6,1549.8,Ошибка: Угол ног в кресле
14:29:10,sitting,171.8,7.3,1552.7,Ошибка: Угол ног в кресле
14:29:10,sitting,171.6,7.2,1555.7,Ошибка: Угол ног в кресле
14:29:10,sitting,171.8,7.1,1552.2,Ошибка: Угол ног в кресле
14:29:10,sitting,172.6,6.9,1537.8,Ошибка: Угол ног в кресле
14:29:10,sitting,173.3,6.6,1525.8,Ошибка: Угол ног в кресле
14:29:10,sitting,173.7,6.6,1518.8,Ошибка: Угол ног в кресле
14:29:10,sitting,173.8,6.2,1517.1,Ошибка: Угол ног в кресле
14:29:11,sitting,173.9,6.2,1516.0,Ошибка: Угол ног в кресле
14:29:11,sitting,173.5,6.0,1522.2,Ошибка: Угол ног в кресле
14:29:11,sitting,173.3,6.1,1525.7,Ошибка: Угол ног в кресле
14:29:11,sitting,173.0,6.0,1531.5,Ошибка: Угол ног в кресле
14:29:11,sitting,172.6,5.9,1537.7,Ошибка: Угол ног в кресле
14:29:11,sitting,171.5,5.8,1557.4,Ошибка: Угол ног в кресле
14:29:11,sitting,170.5,5.4,1574.7,Ошибка: Угол ног в кресле
14:29:11,sitting,169.6,5.5,1590.5,Ошибка: Угол ног в кресле
14:29:11,sitting,169.3,5.6,1595.7,Ошибка: Угол ног в кресле
14:29:11,sitting,169.4,5.4,1594.5,Ошибка: Угол ног в кресле
14:29:11,sitting,170.6,5.4,1572.8,Ошибка: Угол ног в кресле
14:29:11,sitting,172.0,5.3,1549.0,Ошибка: Угол ног в кресле
14:29:11,sitting,173.3,5.3,1526.0,Ошибка: Угол ног в кресле
14:29:11,sitting,174.6,5.1,1502.8,Ошибка: Угол ног в кресле
14:29:11,sitting,175.7,5.2,1483.0,Ошибка: Угол ног в кресле
14:29:11,sitting,176.6,5.2,1467.1,Ошибка: Угол ног в кресле
14:29:11,sitting,177.6,5.2,1450.0,Ошибка: Угол ног в кресле
14:29:11,sitting,178.5,5.0,1434.6,Ошибка: Угол ног в кресле
14:29:11,sitting,179.0,5.0,1425.3,Ошибка: Угол ног в кресле
14:29:11,sitting,178.9,5.0,1426.8,Ошибка: Угол ног в кресле
14:29:11,sitting,178.6,5.0,1432.4,Ошибка: Угол ног в кресле
14:29:11,sitting,178.2,5.2,1440.0,Ошибка: Угол ног в кресле
14:29:12,sitting,177.8,5.3,1447.5,Ошибка: Угол ног в кресле
14:29:12,sitting,177.2,5.5,1457.1,Ошибка: Угол ног в кресле
14:29:12,sitting,177.0,5.7,1460.3,Ошибка: Угол ног в кресле
14:29:12,sitting,177.2,6.2,1456.6,Ошибка: Угол ног в кресле
14:29:12,sitting,177.4,6.2,1454.4,Ошибка: Угол ног в кресле
14:29:12,sitting,177.5,6.1,1451.6,Ошибка: Угол ног в кресле
14:29:12,sitting,177.7,6.1,1448.0,Ошибка: Угол ног в кресле
14:29:12,sitting,178.1,6.1,1442.1,Ошибка: Угол ног в кресле
14:29:12,sitting,178.1,5.8,1441.4,Ошибка: Угол ног в кресле
14:29:12,sitting,178.2,5.7,1440.3,Ошибка: Угол ног в кресле
14:29:12,sitting,178.1,5.8,1440.7,Ошибка: Угол ног в кресле
14:29:12,sitting,178.2,5.7,1439.7,Ошибка: Угол ног в кресле
14:29:12,sitting,178.3,5.7,1437.8,Ошибка: Угол ног в кресле
14:29:12,sitting,178.4,5.7,1435.6,Ошибка: Угол ног в кресле
14:29:12,sitting,178.5,5.7,1433.6,Ошибка: Угол ног в кресле
14:29:12,sitting,178.7,5.7,1430.3,Ошибка: Угол ног в кресле
14:29:12,sitting,178.9,5.7,1428.1,Ошибка: Угол ног в кресле
14:29:12,sitting,178.9,5.7,1426.8,Ошибка: Угол ног в кресле
14:29:12,sitting,178.9,5.7,1427.5,Ошибка: Угол ног в кресле
14:29:12,sitting,178.8,5.7,1429.4,Ошибка: Угол ног в кресле
14:29:12,sitting,178.6,5.7,1432.5,Ошибка: Угол ног в кресле
14:29:13,sitting,178.4,5.7,1435.6,Ошибка: Угол ног в кресле
14:29:13,sitting,178.3,5.9,1437.8,Ошибка: Угол ног в кресле
14:29:13,sitting,178.2,5.9,1439.0,Ошибка: Угол ног в кресле
14:29:13,sitting,178.3,6.0,1438.7,Ошибка: Угол ног в кресле
14:29:13,sitting,178.3,6.0,1438.1,Ошибка: Угол ног в кресле
14:29:13,sitting,178.3,6.1,1438.4,Ошибка: Угол ног в кресле
14:29:13,sitting,178.2,6.1,1438.9,Ошибка: Угол ног в кресле
14:29:13,sitting,178.3,6.0,1437.7,Ошибка: Угол ног в кресле
14:29:13,sitting,178.6,5.9,1433.5,Ошибка: Угол ног в кресле
14:29:13,sitting,178.8,5.9,1429.1,Ошибка: Угол ног в кресле
14:29:13,sitting,179.2,5.7,1422.7,Ошибка: Угол ног в кресле
14:29:13,sitting,179.4,5.8,1419.2,Ошибка: Угол ног в кресле
14:29:13,sitting,179.4,5.9,1418.5,Ошибка: Угол ног в кресле
14:29:13,sitting,179.2,5.8,1421.8,Ошибка: Угол ног в кресле
14:29:13,sitting,179.0,5.8,1425.4,Ошибка: Угол ног в кресле
14:29:13,sitting,178.8,5.7,1428.5,Ошибка: Угол ног в кресле
14:29:13,sitting,178.6,5.6,1433.0,Ошибка: Угол ног в кресле
14:29:13,sitting,178.3,5.6,1437.3,Ошибка: Угол ног в кресле
14:29:13,sitting,178.3,5.6,1438.4,Ошибка: Угол ног в кресле
14:29:13,sitting,178.1,5.3,1440.7,Ошибка: Угол ног в кресле
14:29:13,sitting,177.7,4.9,1448.0,Ошибка: Угол ног в кресле
14:29:14,sitting,177.4,4.7,1453.7,Ошибка: Угол ног в кресле
14:29:14,sitting,177.1,4.5,1458.9,Ошибка: Угол ног в кресле
14:29:14,sitting,176.8,4.7,1465.2,Ошибка: Угол ног в кресле
14:29:14,sitting,176.7,4.6,1466.7,Ошибка: Угол ног в кресле
14:29:14,sitting,176.9,4.5,1463.0,Ошибка: Угол ног в кресле
14:29:14,sitting,177.2,4.5,1457.4,Ошибка: Угол ног в кресле
14:29:14,sitting,177.9,4.6,1445.5,Ошибка: Угол ног в кресле
14:29:14,sitting,178.4,4.6,1435.5,Ошибка: Угол ног в кресле
14:29:14,sitting,178.7,4.4,1430.6,Ошибка: Угол ног в кресле
14:29:14,sitting,179.0,4.5,1426.2,Ошибка: Угол ног в кресле
14:29:14,sitting,179.3,4.6,1421.1,Ошибка: Угол ног в кресле
14:29:14,sitting,179.0,3.1,1425.2,Ошибка: Угол ног в кресле
14:29:14,sitting,178.9,3.8,1426.5,Ошибка: Угол ног в кресле
14:29:14,sitting,178.8,4.3,1429.0,Ошибка: Угол ног в кресле
14:29:14,sitting,178.5,3.8,1434.0,Ошибка: Угол ног в кресле
14:29:14,sitting,178.4,4.5,1435.4,Ошибка: Угол ног в кресле
14:29:14,sitting,178.5,4.6,1433.8,Ошибка: Угол ног в кресле
14:29:14,sitting,178.5,4.7,1434.7,Ошибка: Угол ног в кресле
14:29:14,sitting,178.6,4.7,1432.6,Ошибка: Угол ног в кресле
14:29:15,sitting,178.8,4.8,1429.2,Ошибка: Угол ног в кресле
14:29:15,sitting,178.8,4.8,1429.6,Ошибка: Угол ног в кресле
14:29:15,sitting,178.8,4.6,1429.9,Ошибка: Угол ног в кресле
14:29:15,sitting,178.8,4.7,1429.2,Ошибка: Угол ног в кресле
14:29:15,sitting,179.0,4.9,1426.4,Ошибка: Угол ног в кресле
14:29:15,sitting,179.1,5.4,1423.5,Ошибка: Угол ног в кресле
14:29:15,sitting,179.1,5.3,1423.6,Ошибка: Угол ног в кресле
14:29:15,sitting,179.1,6.1,1423.6,Ошибка: Угол ног в кресле
14:29:15,sitting,179.2,6.2,1422.8,Ошибка: Угол ног в кресле
14:29:15,sitting,179.2,6.4,1421.5,Ошибка: Угол ног в кресле
14:29:15,sitting,179.3,6.6,1420.6,Ошибка: Угол ног в кресле
14:29:15,sitting,179.5,6.6,1417.6,Ошибка: Угол ног в кресле
14:29:15,sitting,179.7,6.2,1413.7,Ошибка: Угол ног в кресле
14:29:15,sitting,179.7,6.4,1413.1,Ошибка: Угол ног в кресле
14:29:15,sitting,179.5,6.4,1417.0,Ошибка: Угол ног в кресле
14:29:15,sitting,179.2,6.2,1421.9,Ошибка: Угол ног в кресле
14:29:15,sitting,179.2,6.0,1423.0,Ошибка: Угол ног в кресле
14:29:15,sitting,179.2,5.7,1422.6,Ошибка: Угол ног в кресле
14:29:15,sitting,179.1,5.3,1423.2,Ошибка: Угол ног в кресле
14:29:15,sitting,179.3,5.0,1420.1,Ошибка: Угол ног в кресле
14:29:15,sitting,179.6,5.0,1414.9,Ошибка: Угол ног в кресле
14:29:15,sitting,179.6,5.3,1414.8,Ошибка: Угол ног в кресле
14:29:16,sitting,179.6,5.2,1414.6,Ошибка: Угол ног в кресле
14:29:16,sitting,179.8,5.4,1411.9,Ошибка: Угол ног в кресле
14:29:16,sitting,179.8,5.4,1410.8,Ошибка: Угол ног в кресле
14:29:16,sitting,179.6,5.5,1414.7,Ошибка: Угол ног в кресле
14:29:16,sitting,179.5,5.4,1417.1,Ошибка: Угол ног в кресле
14:29:16,sitting,179.3,5.4,1420.8,Ошибка: Угол ног в кресле
14:29:16,sitting,179.2,5.4,1422.9,Ошибка: Угол ног в кресле
14:29:16,sitting,179.1,5.4,1423.7,Ошибка: Угол ног в кресле
14:29:16,sitting,179.3,5.4,1421.0,Ошибка: Угол ног в кресле
14:29:16,sitting,179.4,5.4,1418.9,Ошибка: Угол ног в кресле
14:29:16,sitting,179.5,5.4,1417.1,Ошибка: Угол ног в кресле
14:29:16,sitting,179.6,5.4,1415.3,Ошибка: Угол ног в кресле
14:29:16,sitting,179.6,5.4,1415.3,Ошибка: Угол ног в кресле
14:29:16,sitting,179.6,5.4,1415.8,Ошибка: Угол ног в кресле
14:29:16,sitting,179.3,5.2,1419.5,Ошибка: Угол ног в кресле
14:29:16,sitting,179.2,5.1,1422.9,Ошибка: Угол ног в кресле
14:29:16,sitting,178.9,5.1,1426.6,Ошибка: Угол ног в кресле
14:29:16,sitting,178.8,5.1,1429.6,Ошибка: Угол ног в кресле
14:29:16,sitting,178.7,5.1,1430.8,Ошибка: Угол ног в кресле
14:29:16,sitting,178.8,5.1,1428.5,Ошибка: Угол ног в кресле
14:29:16,sitting,179.1,5.3,1424.2,Ошибка: Угол ног в кресле
14:29:17,sitting,179.1,5.1,1423.3,Ошибка: Угол ног в кресле
14:29:17,sitting,179.2,5.0,1422.9,Ошибка: Угол ног в кресле
14:29:17,sitting,179.1,4.9,1423.9,Ошибка: Угол ног в кресле
14:29:17,sitting,179.1,4.8,1424.3,Ошибка: Угол ног в кресле
14:29:17,sitting,178.9,4.8,1427.5,Ошибка: Угол ног в кресле
14:29:17,sitting,178.8,5.0,1428.8,Ошибка: Угол ног в кресле
14:29:17,sitting,178.8,5.1,1429.5,Ошибка: Угол ног в кресле
14:29:17,sitting,178.8,5.2,1428.7,Ошибка: Угол ног в кресле
14:29:17,sitting,178.8,5.6,1428.3,Ошибка: Угол ног в кресле
14:29:17,sitting,178.9,5.6,1427.3,Ошибка: Угол ног в кресле
14:29:17,sitting,178.9,5.7,1426.8,Ошибка: Угол ног в кресле
14:29:17,sitting,178.9,5.8,1428.2,Ошибка: Угол ног в кресле
14:29:17,sitting,178.7,6.0,1430.0,Ошибка: Угол ног в кресле
14:29:17,sitting,178.7,5.8,1431.6,Ошибка: Угол ног в кресле
14:29:17,sitting,178.6,5.9,1433.3,Ошибка: Угол ног в кресле
14:29:17,sitting,178.5,5.9,1435.2,Ошибка: Угол ног в кресле
14:29:17,sitting,178.4,5.8,1435.4,Ошибка: Угол ног в кресле
14:29:17,sitting,178.3,5.8,1437.1,Ошибка: Угол ног в кресле
14:29:17,sitting,178.3,5.8,1438.0,Ошибка: Угол ног в кресле
14:29:17,sitting,178.2,5.9,1439.4,Ошибка: Угол ног в кресле
14:29:17,sitting,178.1,6.0,1440.8,Ошибка: Угол ног в кресле
14:29:17,sitting,178.1,5.9,1442.2,Ошибка: Угол ног в кресле
14:29:18,sitting,178.0,5.9,1443.2,Ошибка: Угол ног в кресле
14:29:18,sitting,178.1,5.9,1441.6,Ошибка: Угол ног в кресле
14:29:18,sitting,178.3,5.9,1438.2,Ошибка: Угол ног в кресле
14:29:18,sitting,178.6,6.0,1431.9,Ошибка: Угол ног в кресле
14:29:18,sitting,179.0,6.2,1424.8,Ошибка: Угол ног в кресле
14:29:18,sitting,179.4,5.7,1418.4,Ошибка: Угол ног в кресле
14:29:18,sitting,179.5,5.2,1416.1,Ошибка: Угол ног в кресле
14:29:18,sitting,179.6,4.8,1415.3,Ошибка: Угол ног в кресле
14:29:18,sitting,179.5,4.8,1416.4,Ошибка: Угол ног в кресле
14:29:18,sitting,179.3,4.0,1421.1,Ошибка: Угол ног в кресле
14:29:18,sitting,178.8,4.2,1428.4,Ошибка: Угол ног в кресле
14:29:18,sitting,177.4,5.3,1453.0,Ошибка: Угол ног в кресле
14:29:18,sitting,175.1,5.1,1495.0,Ошибка: Угол ног в кресле
14:29:18,sitting,173.0,4.6,1531.0,Ошибка: Угол ног в кресле
14:29:18,sitting,171.4,5.1,1560.1,Ошибка: Угол ног в кресле
14:29:18,sitting,169.0,4.1,1601.2,Ошибка: Угол ног в кресле
14:29:18,sitting,143.9,6.0,1476.7,Ошибка: Угол ног в кресле
14:29:18,sitting,132.3,5.0,1272.7,Ошибка: Угол ног в кресле
14:29:18,sitting,132.0,3.2,1266.7,Ошибка: Угол ног в кресле
14:29:18,sitting,105.7,3.4,803.8,Посадка в норме
14:29:18,sitting,77.2,2.4,352.0,Посадка в норме
14:29:19,sitting,74.8,2.5,352.0,Ошибка: Угол ног в кресле
14:29:19,sitting,59.0,5.5,352.0,Ошибка: Угол ног в кресле
14:29:19,sitting,31.6,4.7,352.0,Ошибка: Угол ног в кресле
14:29:19,sitting,30.7,4.9,352.0,Ошибка: Угол ног в кресле
14:29:19,sitting,31.5,7.0,352.0,Ошибка: Угол ног в кресле
14:29:19,sitting,30.1,6.7,352.0,Ошибка: Угол ног в кресле
14:29:19,sitting,29.5,6.9,352.0,Ошибка: Угол ног в кресле
14:29:19,sitting,28.5,7.0,352.0,Ошибка: Угол ног в кресле
14:29:19,sitting,27.1,6.9,352.0,Ошибка: Угол ног в кресле
14:29:19,sitting,24.8,7.1,352.0,Ошибка: Угол ног в кресле
14:29:19,sitting,24.6,6.8,352.0,Ошибка: Угол ног в кресле
14:29:19,sitting,22.5,5.4,352.0,Ошибка: Угол ног в кресле
14:29:19,sitting,23.4,4.6,352.0,Ошибка: Угол ног в кресле
14:29:19,sitting,53.7,3.4,352.0,Ошибка: Угол ног в кресле
14:29:19,sitting,86.0,2.9,456.8,Посадка в норме
14:29:19,sitting,115.8,3.2,982.0,Ошибка: Угол ног в кресле
14:29:19,sitting,147.1,2.9,1533.5,Ошибка: Угол ног в кресле
14:29:19,sitting,175.8,2.7,1481.6,Ошибка: Угол ног в кресле
14:29:19,sitting,174.6,2.5,1503.6,Ошибка: Угол ног в кресле
14:29:19,sitting,174.1,3.2,1511.8,Ошибка: Угол ног в кресле
14:29:19,sitting,174.2,3.4,1509.5,Ошибка: Угол ног в кресле
14:29:19,sitting,175.2,2.8,1491.6,Ошибка: Угол ног в кресле
14:29:20,sitting,176.4,2.9,1471.3,Ошибка: Угол ног в кресле
14:29:20,sitting,177.9,3.0,1445.5,Ошибка: Угол ног в кресле
14:29:20,sitting,178.4,3.5,1435.9,Ошибка: Угол ног в кресле
14:29:20,sitting,179.1,2.5,1423.8,Ошибка: Угол ног в кресле
14:29:20,sitting,179.1,2.3,1424.1,Ошибка: Угол ног в кресле
14:29:20,sitting,178.8,2.2,1429.1,Ошибка: Угол ног в кресле
14:29:20,sitting,178.4,2.4,1435.9,Ошибка: Угол ног в кресле
14:29:20,sitting,178.4,3.2,1435.3,Ошибка: Угол ног в кресле
14:29:20,sitting,178.4,3.8,1435.9,Ошибка: Угол ног в кресле
14:29:20,sitting,178.6,4.0,1431.9,Ошибка: Угол ног в кресле
14:29:20,sitting,178.9,4.5,1426.8,Ошибка: Угол ног в кресле
14:29:20,sitting,179.2,4.4,1422.9,Ошибка: Угол ног в кресле
14:29:20,sitting,178.3,3.0,1437.3,Ошибка: Угол ног в кресле
14:29:20,sitting,177.7,4.5,1447.6,Ошибка: Угол ног в кресле
14:29:20,sitting,177.1,4.3,1458.2,Ошибка: Угол ног в кресле
14:29:20,sitting,176.7,3.9,1466.1,Ошибка: Угол ног в кресле
14:29:20,sitting,176.5,4.4,1469.6,Ошибка: Угол ног в кресле
14:29:20,sitting,177.3,3.3,1456.0,Ошибка: Угол ног в кресле
14:29:20,sitting,177.3,3.4,1455.8,Ошибка: Угол ног в кресле
14:29:20,sitting,177.1,3.9,1458.5,Ошибка: Угол ног в кресле
14:29:20,sitting,176.9,3.8,1463.0,Ошибка: Угол ног в кресле
14:29:21,sitting,176.9,4.8,1462.0,Ошибка: Угол ног в кресле
14:29:21,sitting,177.2,4.6,1456.5,Ошибка: Угол ног в кресле
14:29:21,sitting,177.5,4.4,1451.2,Ошибка: Угол ног в кресле
14:29:21,sitting,175.4,4.4,1489.1,Ошибка: Угол ног в кресле
14:29:21,sitting,173.2,5.2,1527.3,Ошибка: Угол ног в кресле
14:29:21,sitting,165.0,5.7,1672.4,Ошибка: Угол ног в кресле
14:29:21,sitting,152.6,5.9,1630.3,Ошибка: Угол ног в кресле
14:29:21,sitting,142.3,5.8,1448.6,Ошибка: Угол ног в кресле
14:29:21,sitting,132.9,5.7,1283.4,Ошибка: Угол ног в кресле
14:29:21,sitting,124.0,5.6,1125.6,Ошибка: Угол ног в кресле
14:29:21,sitting,106.7,5.8,821.1,Посадка в норме
14:29:21,sitting,102.4,5.8,745.4,Посадка в норме
14:29:21,sitting,95.1,5.8,618.5,Посадка в норме
14:29:21,sitting,92.2,5.7,567.0,Посадка в норме
14:29:21,sitting,91.7,4.9,558.5,Посадка в норме
14:29:21,sitting,114.7,4.6,962.0,Посадка в норме
14:29:21,sitting,128.7,4.3,1209.4,Ошибка: Угол ног в кресле
14:29:21,sitting,144.8,3.7,1492.9,Ошибка: Угол ног в кресле
14:29:21,sitting,159.6,3.2,1752.6,Ошибка: Угол ног в кресле
14:29:21,sitting,171.8,3.2,1552.5,Ошибка: Угол ног в кресле
14:29:21,sitting,174.0,3.2,1513.3,Ошибка: Угол ног в кресле
14:29:21,sitting,175.9,3.5,1479.7,Ошибка: Угол ног в кресле
14:29:22,sitting,176.5,3.6,1468.9,Ошибка: Угол ног в кресле
14:29:22,sitting,175.7,3.2,1483.1,Ошибка: Угол ног в кресле
14:29:22,sitting,174.3,2.8,1508.5,Ошибка: Угол ног в кресле
14:29:22,sitting,173.4,2.1,1524.6,Ошибка: Угол ног в кресле
14:29:22,sitting,172.8,2.3,1534.7,Ошибка: Угол ног в кресле
14:29:22,sitting,172.8,1.6,1535.3,Ошибка: Угол ног в кресле
14:29:22,sitting,173.0,0.9,1530.3,Ошибка: Угол ног в кресле
14:29:22,sitting,173.7,0.8,1518.1,Ошибка: Угол ног в кресле
14:29:22,sitting,174.5,0.7,1504.7,Ошибка: Угол ног в кресле
14:29:22,sitting,175.0,0.7,1496.2,Ошибка: Угол ног в кресле
14:29:22,sitting,175.4,0.8,1489.7,Ошибка: Угол ног в кресле
14:29:22,sitting,175.7,0.7,1484.0,Ошибка: Угол ног в кресле
14:29:22,sitting,175.7,0.0,1483.6,Ошибка: Угол ног в кресле
14:29:22,sitting,175.6,0.0,1484.8,Ошибка: Угол ног в кресле
14:29:22,sitting,175.3,0.0,1491.2,Ошибка: Угол ног в кресле
14:29:22,sitting,175.0,0.1,1496.8,Ошибка: Угол ног в кресле
14:29:22,sitting,174.5,0.5,1504.3,Ошибка: Угол ног в кресле
14:29:22,sitting,173.9,0.1,1515.2,Ошибка: Угол ног в кресле
14:29:22,sitting,173.4,1.2,1524.1,Ошибка: Угол ног в кресле
14:29:22,sitting,173.2,0.2,1528.4,Ошибка: Угол ног в кресле
14:29:22,sitting,146.9,4.0,1529.6,Ошибка: Угол ног в кресле
14:29:23,sitting,116.8,0.9,999.5,Ошибка: Угол ног в кресле
14:29:23,sitting,85.0,2.0,440.0,Посадка в норме
14:29:23,sitting,50.9,0.4,352.0,Ошибка: Угол ног в кресле
14:29:23,sitting,18.1,0.9,352.0,Ошибка: Угол ног в кресле
14:29:23,sitting,11.5,3.1,352.0,Ошибка: Угол ног в кресле
14:29:23,sitting,8.6,0.2,352.0,Ошибка: Угол ног в кресле
14:29:23,sitting,7.1,1.6,352.0,Ошибка: Угол ног в кресле
14:29:23,sitting,28.5,0.2,352.0,Ошибка: Угол ног в кресле
14:29:23,sitting,45.8,2.4,352.0,Ошибка: Угол ног в кресле
14:29:23,sitting,48.2,1.2,352.0,Ошибка: Угол ног в кресле
14:29:23,sitting,80.4,2.1,358.3,Посадка в норме
14:29:23,sitting,115.1,0.7,969.8,Ошибка: Угол ног в кресле
14:29:23,sitting,128.8,1.6,1210.9,Ошибка: Угол ног в кресле
14:29:23,sitting,145.4,3.3,1503.5,Ошибка: Угол ног в кресле
14:29:23,sitting,174.7,3.8,1501.8,Ошибка: Угол ног в кресле
14:29:23,sitting,174.4,5.4,1506.6,Ошибка: Угол ног в кресле
14:29:23,sitting,172.4,4.9,1542.0,Ошибка: Угол ног в кресле
14:29:23,sitting,158.0,9.3,1725.5,Ошибка: Угол ног в кресле
14:29:23,sitting,144.4,6.7,1485.1,Ошибка: Угол ног в кресле
14:29:23,sitting,114.4,8.0,956.9,Посадка в норме
14:29:23,sitting,82.2,9.7,390.6,Посадка в норме
14:29:23,sitting,50.8,11.3,352.0,Ошибка: Угол ног в кресле
14:29:24,sitting,42.8,12.6,352.0,Ошибка: Угол ног в кресле
14:29:24,sitting,21.0,11.5,352.0,Ошибка: Угол ног в кресле
14:29:24,sitting,31.5,6.4,352.0,Ошибка: Угол ног в кресле
14:29:24,sitting,56.7,3.9,352.0,Ошибка: Угол ног в кресле
14:29:24,sitting,59.3,4.3,352.0,Ошибка: Угол ног в кресле
14:29:24,sitting,78.7,3.6,352.0,Посадка в норме
14:29:24,sitting,99.0,2.1,686.2,Посадка в норме
14:29:24,sitting,119.3,0.5,1043.1,Ошибка: Угол ног в кресле
14:29:24,sitting,123.9,1.2,1125.3,Ошибка: Угол ног в кресле
14:29:24,sitting,142.7,0.3,1455.9,Ошибка: Угол ног в кресле
14:29:24,sitting,138.3,1.0,1378.2,Ошибка: Угол ног в кресле
14:29:24,sitting,137.0,0.9,1355.6,Ошибка: Угол ног в кресле
14:29:24,sitting,135.5,1.4,1329.5,Ошибка: Угол ног в кресле
14:29:24,sitting,117.6,1.8,1013.0,Ошибка: Угол ног в кресле
14:29:24,sitting,108.0,2.6,844.9,Посадка в норме
14:29:24,sitting,96.1,0.7,635.2,Посадка в норме
14:29:24,sitting,91.2,2.6,548.6,Посадка в норме
14:29:24,sitting,70.6,4.5,352.0,Ошибка: Угол ног в кресле
14:29:24,sitting,68.8,0.8,352.0,Ошибка: Угол ног в кресле
14:29:24,sitting,65.6,3.1,352.0,Ошибка: Угол ног в кресле
14:29:24,sitting,63.2,2.1,352.0,Ошибка: Угол ног в кресле
14:29:25,sitting,66.3,0.2,352.0,Ошибка: Угол ног в кресле
14:29:25,sitting,68.3,0.2,352.0,Ошибка: Угол ног в кресле
14:29:25,sitting,70.8,3.1,352.0,Ошибка: Угол ног в кресле
14:29:25,sitting,69.5,0.7,352.0,Ошибка: Угол ног в кресле
14:29:25,sitting,64.8,1.1,352.0,Ошибка: Угол ног в кресле
14:29:25,sitting,54.5,0.7,352.0,Ошибка: Угол ног в кресле
14:29:25,sitting,41.7,0.0,352.0,Ошибка: Угол ног в кресле
14:29:25,sitting,41.5,0.1,352.0,Ошибка: Угол ног в кресле
14:29:25,sitting,54.4,0.1,352.0,Ошибка: Угол ног в кресле
14:29:25,sitting,53.1,3.5,352.0,Ошибка: Угол ног в кресле
14:29:25,sitting,50.5,1.9,352.0,Ошибка: Угол ног в кресле
14:29:25,sitting,56.9,18.3,352.0,Ошибка: Сутулость
14:29:25,sitting,46.2,13.2,352.0,Ошибка: Угол ног в кресле
14:29:25,sitting,26.7,14.8,352.0,Ошибка: Сутулость
14:29:25,sitting,21.6,16.3,352.0,Ошибка: Сутулость
14:29:25,sitting,19.6,6.5,352.0,Ошибка: Угол ног в кресле
14:29:25,sitting,28.0,5.5,352.0,Ошибка: Угол ног в кресле
14:29:25,sitting,32.5,7.9,352.0,Ошибка: Угол ног в кресле
14:29:25,sitting,35.1,5.9,352.0,Ошибка: Угол ног в кресле
14:29:25,sitting,180.0,0.0,0.0,Норма
14:29:25,sitting,180.0,0.0,0.0,Норма
14:29:25,sitting,180.0,0.0,0.0,Норма
14:29:26,sitting,180.0,0.0,0.0,Норма
14:29:26,sitting,180.0,0.0,0.0,Норма
14:29:26,sitting,180.0,0.0,0.0,Норма
14:29:26,sitting,180.0,0.0,0.0,Норма
14:29:26,sitting,180.0,0.0,0.0,Норма
14:29:26,sitting,180.0,0.0,0.0,Норма
14:29:26,sitting,180.0,0.0,0.0,Норма
14:29:26,sitting,180.0,0.0,0.0,Норма
14:29:26,sitting,180.0,0.0,0.0,Норма
14:29:26,sitting,180.0,0.0,0.0,Норма
14:29:26,sitting,180.0,0.0,0.0,Норма
14:29:26,sitting,180.0,0.0,0.0,Норма
14:29:26,sitting,180.0,0.0,0.0,Норма
14:29:26,sitting,180.0,0.0,0.0,Норма
14:29:26,sitting,180.0,0.0,0.0,Норма
14:29:26,sitting,180.0,0.0,0.0,Норма
14:29:26,sitting,180.0,0.0,0.0,Норма
14:29:26,sitting,180.0,0.0,0.0,Норма
14:29:26,sitting,180.0,0.0,0.0,Норма
14:29:26,sitting,180.0,0.0,0.0,Норма
14:29:26,sitting,180.0,0.0,0.0,Норма
14:29:26,sitting,180.0,0.0,0.0,Норма
14:29:26,sitting,180.0,0.0,0.0,Норма
14:29:26,sitting,180.0,0.0,0.0,Норма
14:29:26,sitting,180.0,0.0,0.0,Норма
14:29:26,sitting,180.0,0.0,0.0,Норма
14:29:26,sitting,180.0,0.0,0.0,Норма
14:29:26,sitting,180.0,0.0,0.0,Норма
14:29:26,sitting,180.0,0.0,0.0,Норма
14:29:26,sitting,180.0,0.0,0.0,Норма
14:29:26,sitting,180.0,0.0,0.0,Норма
14:29:27,sitting,180.0,0.0,0.0,Норма
14:29:27,sitting,180.0,0.0,0.0,Норма
14:29:27,sitting,180.0,0.0,0.0,Норма
14:29:27,sitting,180.0,0.0,0.0,Норма
14:29:27,sitting,180.0,0.0,0.0,Норма
14:29:27,sitting,180.0,0.0,0.0,Норма
14:29:27,sitting,180.0,0.0,0.0,Норма
14:29:27,sitting,180.0,0.0,0.0,Норма
14:29:27,sitting,180.0,0.0,0.0,Норма
14:29:27,sitting,180.0,0.0,0.0,Норма
14:29:27,sitting,180.0,0.0,0.0,Норма
14:29:27,sitting,180.0,0.0,0.0,Норма
14:29:27,sitting,180.0,0.0,0.0,Норма
14:29:27,sitting,180.0,0.0,0.0,Норма
14:29:27,sitting,180.0,0.0,0.0,Норма
14:29:27,sitting,180.0,0.0,0.0,Норма
14:29:27,sitting,180.0,0.0,0.0,Норма
14:29:27,sitting,180.0,0.0,0.0,Норма
14:29:27,sitting,180.0,0.0,0.0,Норма
14:29:27,sitting,180.0,0.0,0.0,Норма
14:29:27,sitting,180.0,0.0,0.0,Норма
14:29:27,sitting,180.0,0.0,0.0,Норма
14:29:27,sitting,180.0,0.0,0.0,Норма
14:29:27,sitting,180.0,0.0,0.0,Норма
14:29:27,sitting,180.0,0.0,0.0,Норма
14:29:27,sitting,180.0,0.0,0.0,Норма
14:29:27,sitting,180.0,0.0,0.0,Норма
14:29:27,sitting,180.0,0.0,0.0,Норма
14:29:27,sitting,180.0,0.0,0.0,Норма
14:29:27,sitting,180.0,0.0,0.0,Норма
14:29:28,sitting,180.0,0.0,0.0,Норма
14:29:28,sitting,180.0,0.0,0.0,Норма
14:29:28,sitting,180.0,0.0,0.0,Норма
14:29:28,sitting,180.0,0.0,0.0,Норма
14:29:28,sitting,180.0,0.0,0.0,Норма
14:29:28,sitting,180.0,0.0,0.0,Норма
14:29:28,sitting,180.0,0.0,0.0,Норма
14:29:28,sitting,180.0,0.0,0.0,Норма
14:29:28,sitting,180.0,0.0,0.0,Норма
14:29:28,sitting,180.0,0.0,0.0,Норма
14:29:28,sitting,180.0,0.0,0.0,Норма
14:29:28,sitting,180.0,0.0,0.0,Норма
14:29:28,sitting,180.0,0.0,0.0,Норма
14:29:28,sitting,180.0,0.0,0.0,Норма
14:29:28,sitting,180.0,0.0,0.0,Норма
14:29:28,sitting,180.0,0.0,0.0,Норма
14:29:28,sitting,180.0,0.0,0.0,Норма
14:29:28,sitting,180.0,0.0,0.0,Норма
14:29:28,sitting,180.0,0.0,0.0,Норма
14:29:28,sitting,180.0,0.0,0.0,Норма
14:29:28,sitting,180.0,0.0,0.0,Норма
14:29:28,sitting,180.0,0.0,0.0,Норма
14:29:28,sitting,180.0,0.0,0.0,Норма
14:29:28,sitting,180.0,0.0,0.0,Норма
14:29:28,sitting,180.0,0.0,0.0,Норма
14:29:28,sitting,180.0,0.0,0.0,Норма
14:29:28,sitting,180.0,0.0,0.0,Норма
14:29:28,sitting,180.0,0.0,0.0,Норма
14:29:28,sitting,180.0,0.0,0.0,Норма
14:29:29,sitting,180.0,0.0,0.0,Норма
14:29:29,sitting,180.0,0.0,0.0,Норма
14:29:29,sitting,180.0,0.0,0.0,Норма
14:29:29,sitting,180.0,0.0,0.0,Норма
14:29:29,sitting,180.0,0.0,0.0,Норма
14:29:29,sitting,180.0,0.0,0.0,Норма
14:29:29,sitting,180.0,0.0,0.0,Норма
14:29:29,sitting,180.0,0.0,0.0,Норма
14:29:29,sitting,180.0,0.0,0.0,Норма
14:29:29,sitting,180.0,0.0,0.0,Норма
14:29:29,sitting,180.0,0.0,0.0,Норма
14:29:29,sitting,180.0,0.0,0.0,Норма
14:29:29,sitting,180.0,0.0,0.0,Норма
14:29:29,sitting,180.0,0.0,0.0,Норма
14:29:29,sitting,180.0,0.0,0.0,Норма
14:29:29,sitting,180.0,0.0,0.0,Норма
14:29:29,sitting,180.0,0.0,0.0,Норма
14:29:29,sitting,180.0,0.0,0.0,Норма
14:29:29,sitting,180.0,0.0,0.0,Норма
14:29:29,sitting,180.0,0.0,0.0,Норма
14:29:29,sitting,180.0,0.0,0.0,Норма
14:29:29,sitting,180.0,0.0,0.0,Норма
14:29:29,sitting,180.0,0.0,0.0,Норма
14:29:29,sitting,180.0,0.0,0.0,Норма
14:29:29,sitting,180.0,0.0,0.0,Норма
14:29:29,sitting,180.0,0.0,0.0,Норма
14:29:29,sitting,180.0,0.0,0.0,Норма
14:29:29,sitting,180.0,0.0,0.0,Норма
14:29:29,sitting,180.0,0.0,0.0,Норма
14:29:29,sitting,180.0,0.0,0.0,Норма
14:29:29,sitting,180.0,0.0,0.0,Норма
14:29:30,sitting,180.0,0.0,0.0,Норма
14:29:30,sitting,180.0,0.0,0.0,Норма
14:29:30,sitting,180.0,0.0,0.0,Норма
14:29:30,sitting,180.0,0.0,0.0,Норма
14:29:30,sitting,180.0,0.0,0.0,Норма
14:29:30,sitting,180.0,0.0,0.0,Норма
14:29:30,sitting,180.0,0.0,0.0,Норма
14:29:30,sitting,180.0,0.0,0.0,Норма
14:29:30,sitting,180.0,0.0,0.0,Норма
14:29:30,sitting,180.0,0.0,0.0,Норма
14:29:30,sitting,180.0,0.0,0.0,Норма
14:29:30,sitting,180.0,0.0,0.0,Норма
14:29:30,sitting,180.0,0.0,0.0,Норма
14:29:30,sitting,180.0,0.0,0.0,Норма
14:29:30,sitting,180.0,0.0,0.0,Норма
14:29:30,sitting,180.0,0.0,0.0,Норма
14:29:30,sitting,180.0,0.0,0.0,Норма
14:29:30,sitting,180.0,0.0,0.0,Норма
14:29:30,sitting,180.0,0.0,0.0,Норма
14:29:30,sitting,180.0,0.0,0.0,Норма
14:29:30,sitting,180.0,0.0,0.0,Норма
14:29:30,sitting,180.0,0.0,0.0,Норма
14:29:30,sitting,180.0,0.0,0.0,Норма
14:29:30,sitting,180.0,0.0,0.0,Норма
14:29:30,sitting,180.0,0.0,0.0,Норма
14:29:30,sitting,180.0,0.0,0.0,Норма
14:29:30,sitting,180.0,0.0,0.0,Норма
14:29:30,sitting,180.0,0.0,0.0,Норма
14:29:30,sitting,180.0,0.0,0.0,Норма
14:29:30,sitting,180.0,0.0,0.0,Норма
14:29:30,sitting,180.0,0.0,0.0,Норма
14:29:31,sitting,180.0,0.0,0.0,Норма
14:29:31,sitting,180.0,0.0,0.0,Норма
14:29:31,sitting,180.0,0.0,0.0,Норма
14:29:31,sitting,180.0,0.0,0.0,Норма
14:29:31,sitting,180.0,0.0,0.0,Норма
14:29:31,sitting,180.0,0.0,0.0,Норма
14:29:31,sitting,180.0,0.0,0.0,Норма
14:29:31,sitting,180.0,0.0,0.0,Норма
14:29:31,sitting,180.0,0.0,0.0,Норма
14:29:31,sitting,180.0,0.0,0.0,Норма
14:29:31,sitting,180.0,0.0,0.0,Норма
14:29:31,sitting,180.0,0.0,0.0,Норма
14:29:31,sitting,180.0,0.0,0.0,Норма
14:29:31,sitting,180.0,0.0,0.0,Норма
14:29:31,sitting,180.0,0.0,0.0,Норма
14:29:31,sitting,180.0,0.0,0.0,Норма
14:29:31,sitting,180.0,0.0,0.0,Норма
14:29:31,sitting,180.0,0.0,0.0,Норма
14:29:31,sitting,180.0,0.0,0.0,Норма
14:29:31,sitting,180.0,0.0,0.0,Норма
14:29:31,sitting,180.0,0.0,0.0,Норма
14:29:31,sitting,180.0,0.0,0.0,Норма
14:29:31,sitting,180.0,0.0,0.0,Норма
14:29:31,sitting,180.0,0.0,0.0,Норма
14:29:31,sitting,180.0,0.0,0.0,Норма
14:29:31,sitting,180.0,0.0,0.0,Норма
14:29:31,sitting,180.0,0.0,0.0,Норма
14:29:31,sitting,180.0,0.0,0.0,Норма
14:29:31,sitting,180.0,0.0,0.0,Норма
14:29:31,sitting,180.0,0.0,0.0,Норма
14:29:32,sitting,180.0,0.0,0.0,Норма
14:29:32,sitting,180.0,0.0,0.0,Норма
14:29:32,sitting,180.0,0.0,0.0,Норма
14:29:32,sitting,180.0,0.0,0.0,Норма
14:29:32,sitting,180.0,0.0,0.0,Норма
14:29:32,sitting,180.0,0.0,0.0,Норма
14:29:32,sitting,180.0,0.0,0.0,Норма
14:29:32,sitting,180.0,0.0,0.0,Норма
14:29:32,sitting,180.0,0.0,0.0,Норма
14:29:32,sitting,180.0,0.0,0.0,Норма
14:29:32,sitting,180.0,0.0,0.0,Норма
14:29:32,sitting,180.0,0.0,0.0,Норма
14:29:32,sitting,180.0,0.0,0.0,Норма
14:29:32,sitting,180.0,0.0,0.0,Норма
14:29:32,sitting,180.0,0.0,0.0,Норма
14:29:32,sitting,180.0,0.0,0.0,Норма
14:29:32,sitting,180.0,0.0,0.0,Норма
14:29:32,sitting,180.0,0.0,0.0,Норма
14:29:32,sitting,180.0,0.0,0.0,Норма
14:29:32,sitting,180.0,0.0,0.0,Норма
14:29:32,sitting,180.0,0.0,0.0,Норма
14:29:32,sitting,180.0,0.0,0.0,Норма
14:29:32,sitting,180.0,0.0,0.0,Норма
14:29:32,sitting,180.0,0.0,0.0,Норма
14:29:32,sitting,180.0,0.0,0.0,Норма
14:29:32,sitting,180.0,0.0,0.0,Норма
14:29:32,sitting,180.0,0.0,0.0,Норма
14:29:32,sitting,180.0,0.0,0.0,Норма
14:29:32,sitting,180.0,0.0,0.0,Норма
14:29:33,sitting,180.0,0.0,0.0,Норма
14:29:33,sitting,180.0,0.0,0.0,Норма
14:29:33,sitting,180.0,0.0,0.0,Норма
14:29:33,sitting,180.0,0.0,0.0,Норма
14:29:33,sitting,180.0,0.0,0.0,Норма
14:29:33,sitting,180.0,0.0,0.0,Норма
14:29:33,sitting,180.0,0.0,0.0,Норма
14:29:33,sitting,180.0,0.0,0.0,Норма
14:29:33,sitting,180.0,0.0,0.0,Норма
14:29:33,sitting,180.0,0.0,0.0,Норма
14:29:33,sitting,180.0,0.0,0.0,Норма
14:29:33,sitting,180.0,0.0,0.0,Норма
14:29:33,sitting,180.0,0.0,0.0,Норма
14:29:33,sitting,180.0,0.0,0.0,Норма
14:29:33,sitting,180.0,0.0,0.0,Норма
14:29:33,sitting,180.0,0.0,0.0,Норма
14:29:33,sitting,180.0,0.0,0.0,Норма
14:29:33,sitting,180.0,0.0,0.0,Норма
14:29:33,sitting,180.0,0.0,0.0,Норма
14:29:33,sitting,180.0,0.0,0.0,Норма
14:29:33,sitting,180.0,0.0,0.0,Норма
14:29:33,sitting,180.0,0.0,0.0,Норма
14:29:33,sitting,180.0,0.0,0.0,Норма
14:29:33,sitting,180.0,0.0,0.0,Норма
14:29:33,sitting,180.0,0.0,0.0,Норма
14:29:33,sitting,180.0,0.0,0.0,Норма
14:29:33,sitting,180.0,0.0,0.0,Норма
14:29:33,sitting,180.0,0.0,0.0,Норма
14:29:33,sitting,180.0,0.0,0.0,Норма
14:29:33,sitting,180.0,0.0,0.0,Норма
14:29:34,sitting,180.0,0.0,0.0,Норма
14:29:34,sitting,180.0,0.0,0.0,Норма
14:29:34,sitting,180.0,0.0,0.0,Норма
14:29:34,sitting,180.0,0.0,0.0,Норма
14:29:34,sitting,180.0,0.0,0.0,Норма
14:29:34,sitting,180.0,0.0,0.0,Норма
14:29:34,sitting,180.0,0.0,0.0,Норма
14:29:34,sitting,180.0,0.0,0.0,Норма
14:29:34,sitting,180.0,0.0,0.0,Норма
14:29:34,sitting,180.0,0.0,0.0,Норма
14:29:34,sitting,180.0,0.0,0.0,Норма
14:29:34,sitting,180.0,0.0,0.0,Норма
14:29:34,sitting,180.0,0.0,0.0,Норма
14:29:34,sitting,180.0,0.0,0.0,Норма
14:29:34,sitting,180.0,0.0,0.0,Норма
14:29:34,sitting,180.0,0.0,0.0,Норма
14:29:34,sitting,180.0,0.0,0.0,Норма
14:29:34,sitting,180.0,0.0,0.0,Норма
14:29:34,sitting,180.0,0.0,0.0,Норма
14:29:34,sitting,180.0,0.0,0.0,Норма
14:29:34,sitting,180.0,0.0,0.0,Норма
14:29:34,sitting,180.0,0.0,0.0,Норма
14:29:34,sitting,180.0,0.0,0.0,Норма
14:29:34,sitting,180.0,0.0,0.0,Норма
14:29:34,sitting,180.0,0.0,0.0,Норма
14:29:34,sitting,180.0,0.0,0.0,Норма
14:29:34,sitting,180.0,0.0,0.0,Норма
14:29:34,sitting,180.0,0.0,0.0,Норма
14:29:34,sitting,180.0,0.0,0.0,Норма
14:29:34,sitting,180.0,0.0,0.0,Норма
14:29:34,sitting,180.0,0.0,0.0,Норма
14:29:35,sitting,180.0,0.0,0.0,Норма
14:29:35,sitting,180.0,0.0,0.0,Норма
14:29:35,sitting,180.0,0.0,0.0,Норма
14:29:35,sitting,180.0,0.0,0.0,Норма
14:29:35,sitting,180.0,0.0,0.0,Норма
14:29:35,sitting,180.0,0.0,0.0,Норма
14:29:35,sitting,180.0,0.0,0.0,Норма
14:29:35,sitting,180.0,0.0,0.0,Норма
14:29:35,sitting,180.0,0.0,0.0,Норма
14:29:35,sitting,180.0,0.0,0.0,Норма
14:29:35,sitting,180.0,0.0,0.0,Норма
14:29:35,sitting,180.0,0.0,0.0,Норма
14:29:35,sitting,180.0,0.0,0.0,Норма
14:29:35,sitting,180.0,0.0,0.0,Норма
14:29:35,sitting,180.0,0.0,0.0,Норма
14:29:35,sitting,180.0,0.0,0.0,Норма
14:29:35,sitting,180.0,0.0,0.0,Норма
14:29:35,sitting,180.0,0.0,0.0,Норма
14:29:35,sitting,180.0,0.0,0.0,Норма
14:29:35,sitting,180.0,0.0,0.0,Норма
14:29:35,sitting,180.0,0.0,0.0,Норма
14:29:35,sitting,180.0,0.0,0.0,Норма
14:29:35,sitting,180.0,0.0,0.0,Норма
14:29:35,sitting,180.0,0.0,0.0,Норма
14:29:35,sitting,180.0,0.0,0.0,Норма
14:29:35,sitting,180.0,0.0,0.0,Норма
14:29:35,sitting,180.0,0.0,0.0,Норма
14:29:35,sitting,180.0,0.0,0.0,Норма
14:29:35,sitting,180.0,0.0,0.0,Норма
14:29:36,sitting,180.0,0.0,0.0,Норма
14:29:36,sitting,180.0,0.0,0.0,Норма
14:29:36,sitting,180.0,0.0,0.0,Норма
14:29:36,sitting,180.0,0.0,0.0,Норма
14:29:36,sitting,180.0,0.0,0.0,Норма
14:29:36,sitting,180.0,0.0,0.0,Норма
14:29:36,sitting,180.0,0.0,0.0,Норма
14:29:36,sitting,180.0,0.0,0.0,Норма
14:29:36,sitting,180.0,0.0,0.0,Норма
14:29:36,sitting,180.0,0.0,0.0,Норма
14:29:36,sitting,180.0,0.0,0.0,Норма
14:29:36,sitting,180.0,0.0,0.0,Норма
14:29:36,sitting,180.0,0.0,0.0,Норма
14:29:36,sitting,180.0,0.0,0.0,Норма
14:29:36,sitting,180.0,0.0,0.0,Норма
14:29:36,sitting,180.0,0.0,0.0,Норма
14:29:36,sitting,180.0,0.0,0.0,Норма
14:29:36,sitting,180.0,0.0,0.0,Норма
14:29:36,sitting,180.0,0.0,0.0,Норма
14:29:36,sitting,180.0,0.0,0.0,Норма
14:29:36,sitting,180.0,0.0,0.0,Норма
14:29:36,sitting,180.0,0.0,0.0,Норма
14:29:36,sitting,180.0,0.0,0.0,Норма
14:29:36,sitting,180.0,0.0,0.0,Норма
14:29:36,sitting,180.0,0.0,0.0,Норма
14:29:36,sitting,180.0,0.0,0.0,Норма
14:29:36,sitting,180.0,0.0,0.0,Норма
14:29:36,sitting,180.0,0.0,0.0,Норма
14:29:36,sitting,180.0,0.0,0.0,Норма
14:29:36,sitting,180.0,0.0,0.0,Норма
14:29:37,sitting,180.0,0.0,0.0,Норма
14:29:37,sitting,180.0,0.0,0.0,Норма
14:29:37,sitting,180.0,0.0,0.0,Норма
14:29:37,sitting,180.0,0.0,0.0,Норма
14:29:37,sitting,180.0,0.0,0.0,Норма
14:29:37,sitting,180.0,0.0,0.0,Норма
14:29:37,sitting,180.0,0.0,0.0,Норма
14:29:37,sitting,180.0,0.0,0.0,Норма
14:29:37,sitting,180.0,0.0,0.0,Норма
14:29:37,sitting,180.0,0.0,0.0,Норма
14:29:37,sitting,180.0,0.0,0.0,Норма
14:29:37,sitting,180.0,0.0,0.0,Норма
14:29:37,sitting,180.0,0.0,0.0,Норма
14:29:37,sitting,180.0,0.0,0.0,Норма
14:29:37,sitting,180.0,0.0,0.0,Норма
14:29:37,sitting,180.0,0.0,0.0,Норма
14:29:37,sitting,180.0,0.0,0.0,Норма
14:29:37,sitting,180.0,0.0,0.0,Норма
14:29:37,sitting,180.0,0.0,0.0,Норма
14:29:37,sitting,180.0,0.0,0.0,Норма
14:29:37,sitting,180.0,0.0,0.0,Норма
14:29:37,sitting,180.0,0.0,0.0,Норма
14:29:37,sitting,180.0,0.0,0.0,Норма
14:29:37,sitting,180.0,0.0,0.0,Норма
14:29:37,sitting,180.0,0.0,0.0,Норма
14:29:37,sitting,180.0,0.0,0.0,Норма
14:29:37,sitting,180.0,0.0,0.0,Норма
14:29:37,sitting,180.0,0.0,0.0,Норма
14:29:38,sitting,180.0,0.0,0.0,Норма
14:29:38,sitting,180.0,0.0,0.0,Норма
14:29:38,sitting,180.0,0.0,0.0,Норма
14:29:38,sitting,180.0,0.0,0.0,Норма
14:29:38,sitting,180.0,0.0,0.0,Норма
14:29:38,sitting,180.0,0.0,0.0,Норма
14:29:38,sitting,180.0,0.0,0.0,Норма
14:29:38,sitting,180.0,0.0,0.0,Норма
14:29:38,sitting,180.0,0.0,0.0,Норма
14:29:38,sitting,180.0,0.0,0.0,Норма
14:29:38,sitting,180.0,0.0,0.0,Норма
14:29:38,sitting,180.0,0.0,0.0,Норма
14:29:38,sitting,180.0,0.0,0.0,Норма
14:29:38,sitting,180.0,0.0,0.0,Норма
14:29:38,sitting,180.0,0.0,0.0,Норма
14:29:38,sitting,180.0,0.0,0.0,Норма
14:29:38,sitting,180.0,0.0,0.0,Норма
14:29:38,sitting,180.0,0.0,0.0,Норма
14:29:38,sitting,180.0,0.0,0.0,Норма
14:29:38,sitting,180.0,0.0,0.0,Норма
14:29:38,sitting,180.0,0.0,0.0,Норма
14:29:38,sitting,180.0,0.0,0.0,Норма
14:29:38,sitting,180.0,0.0,0.0,Норма
14:29:38,sitting,180.0,0.0,0.0,Норма
14:29:38,sitting,180.0,0.0,0.0,Норма
14:29:38,sitting,180.0,0.0,0.0,Норма
14:29:38,sitting,180.0,0.0,0.0,Норма
14:29:38,sitting,180.0,0.0,0.0,Норма
14:29:38,sitting,180.0,0.0,0.0,Норма
14:29:38,sitting,180.0,0.0,0.0,Норма
14:29:38,sitting,180.0,0.0,0.0,Норма
14:29:38,sitting,180.0,0.0,0.0,Норма
14:29:39,sitting,180.0,0.0,0.0,Норма
14:29:39,sitting,180.0,0.0,0.0,Норма
14:29:39,sitting,180.0,0.0,0.0,Норма
14:29:39,sitting,180.0,0.0,0.0,Норма
14:29:39,sitting,180.0,0.0,0.0,Норма
14:29:39,sitting,180.0,0.0,0.0,Норма
14:29:39,sitting,180.0,0.0,0.0,Норма
14:29:39,sitting,180.0,0.0,0.0,Норма
14:29:39,sitting,180.0,0.0,0.0,Норма
14:29:39,sitting,180.0,0.0,0.0,Норма
14:29:39,sitting,180.0,0.0,0.0,Норма
14:29:39,sitting,180.0,0.0,0.0,Норма
14:29:39,sitting,180.0,0.0,0.0,Норма
14:29:39,sitting,180.0,0.0,0.0,Норма
14:29:39,sitting,180.0,0.0,0.0,Норма
14:29:39,sitting,180.0,0.0,0.0,Норма
14:29:39,sitting,180.0,0.0,0.0,Норма
14:29:39,sitting,180.0,0.0,0.0,Норма
14:29:39,sitting,180.0,0.0,0.0,Норма
14:29:39,sitting,180.0,0.0,0.0,Норма
14:29:39,sitting,180.0,0.0,0.0,Норма
14:29:39,sitting,180.0,0.0,0.0,Норма
14:29:39,sitting,180.0,0.0,0.0,Норма
14:29:39,sitting,180.0,0.0,0.0,Норма
14:29:39,sitting,180.0,0.0,0.0,Норма
14:29:39,sitting,180.0,0.0,0.0,Норма
14:29:39,sitting,180.0,0.0,0.0,Норма
14:29:39,sitting,180.0,0.0,0.0,Норма
14:29:39,sitting,180.0,0.0,0.0,Норма
14:29:39,sitting,180.0,0.0,0.0,Норма
14:29:40,sitting,180.0,0.0,0.0,Норма
14:29:40,sitting,180.0,0.0,0.0,Норма
14:29:40,sitting,180.0,0.0,0.0,Норма
14:29:40,sitting,180.0,0.0,0.0,Норма
14:29:40,sitting,180.0,0.0,0.0,Норма
14:29:40,sitting,180.0,0.0,0.0,Норма
14:29:40,sitting,180.0,0.0,0.0,Норма
14:29:40,sitting,180.0,0.0,0.0,Норма
14:29:40,sitting,180.0,0.0,0.0,Норма
14:29:40,sitting,180.0,0.0,0.0,Норма
14:29:40,sitting,180.0,0.0,0.0,Норма
14:29:40,sitting,180.0,0.0,0.0,Норма
14:29:40,sitting,180.0,0.0,0.0,Норма
14:29:40,sitting,180.0,0.0,0.0,Норма
14:29:40,sitting,180.0,0.0,0.0,Норма
14:29:40,sitting,180.0,0.0,0.0,Норма
14:29:40,sitting,180.0,0.0,0.0,Норма
14:29:40,sitting,180.0,0.0,0.0,Норма
14:29:40,sitting,180.0,0.0,0.0,Норма
14:29:40,sitting,180.0,0.0,0.0,Норма
14:29:40,sitting,180.0,0.0,0.0,Норма
14:29:40,sitting,180.0,0.0,0.0,Норма
14:29:40,sitting,180.0,0.0,0.0,Норма
14:29:40,sitting,180.0,0.0,0.0,Норма
14:29:40,sitting,180.0,0.0,0.0,Норма
14:29:40,sitting,180.0,0.0,0.0,Норма
14:29:40,sitting,180.0,0.0,0.0,Норма
14:29:40,sitting,180.0,0.0,0.0,Норма
14:29:40,sitting,180.0,0.0,0.0,Норма
14:29:41,sitting,180.0,0.0,0.0,Норма
14:29:41,sitting,180.0,0.0,0.0,Норма
14:29:41,sitting,180.0,0.0,0.0,Норма
14:29:41,sitting,180.0,0.0,0.0,Норма
14:29:41,sitting,180.0,0.0,0.0,Норма
14:29:41,sitting,180.0,0.0,0.0,Норма
14:29:41,sitting,180.0,0.0,0.0,Норма
14:29:41,sitting,180.0,0.0,0.0,Норма
14:29:41,sitting,180.0,0.0,0.0,Норма
14:29:41,sitting,180.0,0.0,0.0,Норма
14:29:41,sitting,180.0,0.0,0.0,Норма
14:29:41,sitting,180.0,0.0,0.0,Норма
14:29:41,sitting,180.0,0.0,0.0,Норма
14:29:41,sitting,180.0,0.0,0.0,Норма
14:29:41,sitting,180.0,0.0,0.0,Норма
14:29:41,sitting,180.0,0.0,0.0,Норма
14:29:41,sitting,180.0,0.0,0.0,Норма
14:29:41,sitting,180.0,0.0,0.0,Норма
14:29:41,sitting,180.0,0.0,0.0,Норма
14:29:41,sitting,180.0,0.0,0.0,Норма
14:29:41,sitting,180.0,0.0,0.0,Норма
14:29:41,sitting,180.0,0.0,0.0,Норма
14:29:41,sitting,180.0,0.0,0.0,Норма
14:29:41,sitting,180.0,0.0,0.0,Норма
14:29:41,sitting,180.0,0.0,0.0,Норма
14:29:41,sitting,180.0,0.0,0.0,Норма
14:29:41,sitting,180.0,0.0,0.0,Норма
14:29:41,sitting,180.0,0.0,0.0,Норма
14:29:41,sitting,180.0,0.0,0.0,Норма
14:29:41,sitting,180.0,0.0,0.0,Норма
14:29:42,sitting,180.0,0.0,0.0,Норма
14:29:42,sitting,180.0,0.0,0.0,Норма
14:29:42,sitting,180.0,0.0,0.0,Норма
14:29:42,sitting,180.0,0.0,0.0,Норма
14:29:42,sitting,180.0,0.0,0.0,Норма
14:29:42,sitting,180.0,0.0,0.0,Норма
14:29:42,sitting,180.0,0.0,0.0,Норма
14:29:42,sitting,180.0,0.0,0.0,Норма
14:29:42,sitting,180.0,0.0,0.0,Норма
14:29:42,sitting,180.0,0.0,0.0,Норма
14:29:42,sitting,180.0,0.0,0.0,Норма
14:29:42,sitting,180.0,0.0,0.0,Норма
14:29:42,sitting,180.0,0.0,0.0,Норма
14:29:42,sitting,180.0,0.0,0.0,Норма
14:29:42,sitting,180.0,0.0,0.0,Норма
14:29:42,sitting,180.0,0.0,0.0,Норма
14:29:42,sitting,180.0,0.0,0.0,Норма
14:29:42,sitting,180.0,0.0,0.0,Норма
14:29:42,sitting,180.0,0.0,0.0,Норма
14:29:42,sitting,180.0,0.0,0.0,Норма
14:29:42,sitting,180.0,0.0,0.0,Норма
14:29:42,sitting,180.0,0.0,0.0,Норма
14:29:42,sitting,180.0,0.0,0.0,Норма
14:29:42,sitting,180.0,0.0,0.0,Норма
14:29:42,sitting,180.0,0.0,0.0,Норма
14:29:42,sitting,180.0,0.0,0.0,Норма
14:29:42,sitting,180.0,0.0,0.0,Норма
14:29:42,sitting,180.0,0.0,0.0,Норма
14:29:42,sitting,180.0,0.0,0.0,Норма
14:29:42,sitting,180.0,0.0,0.0,Норма
14:29:42,sitting,180.0,0.0,0.0,Норма
14:29:43,sitting,180.0,0.0,0.0,Норма
14:29:43,sitting,180.0,0.0,0.0,Норма
14:29:43,sitting,180.0,0.0,0.0,Норма
14:29:43,sitting,180.0,0.0,0.0,Норма
14:29:43,sitting,180.0,0.0,0.0,Норма
14:29:43,sitting,180.0,0.0,0.0,Норма
14:29:43,sitting,180.0,0.0,0.0,Норма
14:29:43,sitting,180.0,0.0,0.0,Норма
14:29:43,sitting,180.0,0.0,0.0,Норма
14:29:43,sitting,180.0,0.0,0.0,Норма
14:29:43,sitting,180.0,0.0,0.0,Норма
14:29:43,sitting,180.0,0.0,0.0,Норма
14:29:43,sitting,180.0,0.0,0.0,Норма
14:29:43,sitting,180.0,0.0,0.0,Норма
14:29:43,sitting,180.0,0.0,0.0,Норма
14:29:43,sitting,180.0,0.0,0.0,Норма
14:29:43,sitting,180.0,0.0,0.0,Норма
14:29:43,sitting,180.0,0.0,0.0,Норма
14:29:43,sitting,180.0,0.0,0.0,Норма
14:29:43,sitting,180.0,0.0,0.0,Норма
14:29:43,sitting,180.0,0.0,0.0,Норма
14:29:43,sitting,180.0,0.0,0.0,Норма
14:29:43,sitting,180.0,0.0,0.0,Норма
14:29:43,sitting,180.0,0.0,0.0,Норма
14:29:43,sitting,180.0,0.0,0.0,Норма
14:29:43,sitting,180.0,0.0,0.0,Норма
14:29:43,sitting,180.0,0.0,0.0,Норма
14:29:43,sitting,180.0,0.0,0.0,Норма
14:29:43,sitting,180.0,0.0,0.0,Норма
14:29:43,sitting,180.0,0.0,0.0,Норма
14:29:44,sitting,180.0,0.0,0.0,Норма
14:29:44,sitting,180.0,0.0,0.0,Норма
14:29:44,sitting,180.0,0.0,0.0,Норма
14:29:44,sitting,180.0,0.0,0.0,Норма
14:29:44,sitting,180.0,0.0,0.0,Норма
14:29:44,sitting,180.0,0.0,0.0,Норма
14:29:44,sitting,180.0,0.0,0.0,Норма
14:29:44,sitting,180.0,0.0,0.0,Норма
14:29:44,sitting,180.0,0.0,0.0,Норма
14:29:44,sitting,180.0,0.0,0.0,Норма
14:29:44,sitting,180.0,0.0,0.0,Норма
14:29:44,sitting,180.0,0.0,0.0,Норма
14:29:44,sitting,180.0,0.0,0.0,Норма
14:29:44,sitting,180.0,0.0,0.0,Норма
14:29:44,sitting,180.0,0.0,0.0,Норма
14:29:44,sitting,180.0,0.0,0.0,Норма
14:29:44,sitting,180.0,0.0,0.0,Норма
14:29:44,sitting,180.0,0.0,0.0,Норма
14:29:44,sitting,180.0,0.0,0.0,Норма
14:29:44,sitting,180.0,0.0,0.0,Норма
14:29:44,sitting,180.0,0.0,0.0,Норма
14:29:44,sitting,180.0,0.0,0.0,Норма
14:29:44,sitting,180.0,0.0,0.0,Норма
14:29:44,sitting,180.0,0.0,0.0,Норма
14:29:44,sitting,180.0,0.0,0.0,Норма
14:29:44,sitting,180.0,0.0,0.0,Норма
14:29:44,sitting,180.0,0.0,0.0,Норма
14:29:44,sitting,180.0,0.0,0.0,Норма
14:29:44,sitting,180.0,0.0,0.0,Норма
14:29:44,sitting,180.0,0.0,0.0,Норма
14:29:45,sitting,180.0,0.0,0.0,Норма
14:29:45,sitting,180.0,0.0,0.0,Норма
14:29:45,sitting,180.0,0.0,0.0,Норма
14:29:45,sitting,180.0,0.0,0.0,Норма
14:29:45,sitting,180.0,0.0,0.0,Норма
14:29:45,sitting,180.0,0.0,0.0,Норма
14:29:45,sitting,180.0,0.0,0.0,Норма
14:29:45,sitting,180.0,0.0,0.0,Норма
14:29:45,sitting,180.0,0.0,0.0,Норма
14:29:45,sitting,180.0,0.0,0.0,Норма
14:29:45,sitting,180.0,0.0,0.0,Норма
14:29:45,sitting,180.0,0.0,0.0,Норма
14:29:45,sitting,180.0,0.0,0.0,Норма
14:29:45,sitting,180.0,0.0,0.0,Норма
14:29:45,sitting,180.0,0.0,0.0,Норма
14:29:45,sitting,180.0,0.0,0.0,Норма
14:29:45,sitting,180.0,0.0,0.0,Норма
14:29:45,sitting,180.0,0.0,0.0,Норма
14:29:45,sitting,180.0,0.0,0.0,Норма
14:29:45,sitting,180.0,0.0,0.0,Норма
14:29:45,sitting,180.0,0.0,0.0,Норма
14:29:45,sitting,180.0,0.0,0.0,Норма
14:29:45,sitting,180.0,0.0,0.0,Норма
14:29:45,sitting,180.0,0.0,0.0,Норма
14:29:45,sitting,180.0,0.0,0.0,Норма
14:29:45,sitting,180.0,0.0,0.0,Норма
14:29:45,sitting,180.0,0.0,0.0,Норма
14:29:45,sitting,180.0,0.0,0.0,Норма
14:29:45,sitting,180.0,0.0,0.0,Норма
14:29:45,sitting,180.0,0.0,0.0,Норма
14:29:46,sitting,180.0,0.0,0.0,Норма
14:29:46,sitting,180.0,0.0,0.0,Норма
14:29:46,sitting,180.0,0.0,0.0,Норма
14:29:46,sitting,180.0,0.0,0.0,Норма
14:29:46,sitting,180.0,0.0,0.0,Норма
14:29:46,sitting,180.0,0.0,0.0,Норма
14:29:46,sitting,180.0,0.0,0.0,Норма
14:29:46,sitting,180.0,0.0,0.0,Норма
14:29:46,sitting,180.0,0.0,0.0,Норма
14:29:46,sitting,180.0,0.0,0.0,Норма
14:29:46,sitting,180.0,0.0,0.0,Норма
14:29:46,sitting,180.0,0.0,0.0,Норма
14:29:46,sitting,180.0,0.0,0.0,Норма
14:29:46,sitting,180.0,0.0,0.0,Норма
14:29:46,sitting,180.0,0.0,0.0,Норма
14:29:46,sitting,180.0,0.0,0.0,Норма
14:29:46,sitting,180.0,0.0,0.0,Норма
14:29:46,sitting,180.0,0.0,0.0,Норма
14:29:46,sitting,180.0,0.0,0.0,Норма
14:29:46,sitting,180.0,0.0,0.0,Норма
14:29:46,sitting,180.0,0.0,0.0,Норма
14:29:46,sitting,180.0,0.0,0.0,Норма
14:29:46,sitting,180.0,0.0,0.0,Норма
14:29:46,sitting,180.0,0.0,0.0,Норма
14:29:46,sitting,180.0,0.0,0.0,Норма
14:29:46,sitting,180.0,0.0,0.0,Норма
14:29:46,sitting,180.0,0.0,0.0,Норма
14:29:46,sitting,180.0,0.0,0.0,Норма
14:29:46,sitting,180.0,0.0,0.0,Норма
14:29:46,sitting,180.0,0.0,0.0,Норма
14:29:47,sitting,180.0,0.0,0.0,Норма
14:29:47,sitting,180.0,0.0,0.0,Норма
14:29:47,sitting,180.0,0.0,0.0,Норма
14:29:47,sitting,180.0,0.0,0.0,Норма
14:29:47,sitting,180.0,0.0,0.0,Норма
14:29:47,sitting,180.0,0.0,0.0,Норма
14:29:47,sitting,180.0,0.0,0.0,Норма
14:29:47,sitting,180.0,0.0,0.0,Норма
14:29:47,sitting,180.0,0.0,0.0,Норма
14:29:47,sitting,180.0,0.0,0.0,Норма
14:29:47,sitting,180.0,0.0,0.0,Норма
14:29:47,sitting,180.0,0.0,0.0,Норма
14:29:47,sitting,180.0,0.0,0.0,Норма
14:29:47,sitting,180.0,0.0,0.0,Норма
14:29:47,sitting,180.0,0.0,0.0,Норма
14:29:47,sitting,180.0,0.0,0.0,Норма
14:29:47,sitting,180.0,0.0,0.0,Норма
14:29:47,sitting,180.0,0.0,0.0,Норма
14:29:47,sitting,180.0,0.0,0.0,Норма
14:29:47,sitting,180.0,0.0,0.0,Норма
14:29:47,sitting,180.0,0.0,0.0,Норма
14:29:47,sitting,180.0,0.0,0.0,Норма
14:29:47,sitting,180.0,0.0,0.0,Норма
14:29:47,sitting,180.0,0.0,0.0,Норма
14:29:47,sitting,180.0,0.0,0.0,Норма
14:29:47,sitting,180.0,0.0,0.0,Норма
14:29:47,sitting,180.0,0.0,0.0,Норма
14:29:47,sitting,180.0,0.0,0.0,Норма
14:29:47,sitting,180.0,0.0,0.0,Норма
14:29:47,sitting,180.0,0.0,0.0,Норма
14:29:48,sitting,180.0,0.0,0.0,Норма
14:29:48,sitting,180.0,0.0,0.0,Норма
14:29:48,sitting,180.0,0.0,0.0,Норма
14:29:48,sitting,180.0,0.0,0.0,Норма
14:29:48,sitting,180.0,0.0,0.0,Норма
14:29:48,sitting,180.0,0.0,0.0,Норма
14:29:48,sitting,180.0,0.0,0.0,Норма
14:29:48,sitting,180.0,0.0,0.0,Норма
14:29:48,sitting,180.0,0.0,0.0,Норма
14:29:48,sitting,180.0,0.0,0.0,Норма
14:29:48,sitting,180.0,0.0,0.0,Норма
14:29:48,sitting,180.0,0.0,0.0,Норма
14:29:48,sitting,180.0,0.0,0.0,Норма
14:29:48,sitting,180.0,0.0,0.0,Норма
14:29:48,sitting,180.0,0.0,0.0,Норма
14:29:48,sitting,180.0,0.0,0.0,Норма
14:29:48,sitting,180.0,0.0,0.0,Норма
14:29:48,sitting,180.0,0.0,0.0,Норма
14:29:48,sitting,180.0,0.0,0.0,Норма
14:29:48,sitting,180.0,0.0,0.0,Норма
14:29:48,sitting,180.0,0.0,0.0,Норма
14:29:48,sitting,180.0,0.0,0.0,Норма
14:29:48,sitting,180.0,0.0,0.0,Норма
14:29:48,sitting,180.0,0.0,0.0,Норма
14:29:48,sitting,180.0,0.0,0.0,Норма
14:29:48,sitting,180.0,0.0,0.0,Норма
14:29:48,sitting,180.0,0.0,0.0,Норма
14:29:48,sitting,180.0,0.0,0.0,Норма
14:29:48,sitting,180.0,0.0,0.0,Норма
14:29:48,sitting,180.0,0.0,0.0,Норма
14:29:49,sitting,180.0,0.0,0.0,Норма
14:29:49,sitting,180.0,0.0,0.0,Норма
14:29:49,sitting,180.0,0.0,0.0,Норма
14:29:49,sitting,180.0,0.0,0.0,Норма
14:29:49,sitting,180.0,0.0,0.0,Норма
14:29:49,sitting,180.0,0.0,0.0,Норма
14:29:49,sitting,180.0,0.0,0.0,Норма
14:29:49,sitting,180.0,0.0,0.0,Норма
14:29:49,sitting,180.0,0.0,0.0,Норма
14:29:49,sitting,180.0,0.0,0.0,Норма
14:29:49,sitting,180.0,0.0,0.0,Норма
14:29:49,sitting,180.0,0.0,0.0,Норма
14:29:49,sitting,180.0,0.0,0.0,Норма
14:29:49,sitting,180.0,0.0,0.0,Норма
14:29:49,sitting,180.0,0.0,0.0,Норма
14:29:49,sitting,180.0,0.0,0.0,Норма
14:29:49,sitting,180.0,0.0,0.0,Норма
14:29:49,sitting,180.0,0.0,0.0,Норма
14:29:49,sitting,180.0,0.0,0.0,Норма
14:29:49,sitting,180.0,0.0,0.0,Норма
14:29:49,sitting,180.0,0.0,0.0,Норма
14:29:49,sitting,180.0,0.0,0.0,Норма
14:29:49,sitting,180.0,0.0,0.0,Норма
14:29:49,sitting,180.0,0.0,0.0,Норма
14:29:49,sitting,180.0,0.0,0.0,Норма
14:29:49,sitting,180.0,0.0,0.0,Норма
14:29:49,sitting,180.0,0.0,0.0,Норма
14:29:49,sitting,180.0,0.0,0.0,Норма
14:29:49,sitting,180.0,0.0,0.0,Норма
14:29:49,sitting,180.0,0.0,0.0,Норма
14:29:50,sitting,180.0,0.0,0.0,Норма
14:29:50,sitting,180.0,0.0,0.0,Норма
14:29:50,sitting,180.0,0.0,0.0,Норма
14:29:50,sitting,180.0,0.0,0.0,Норма
14:29:50,sitting,180.0,0.0,0.0,Норма
14:29:50,sitting,180.0,0.0,0.0,Норма
14:29:50,sitting,180.0,0.0,0.0,Норма
14:29:50,sitting,180.0,0.0,0.0,Норма
14:29:50,sitting,180.0,0.0,0.0,Норма
14:29:50,sitting,180.0,0.0,0.0,Норма
14:29:50,sitting,180.0,0.0,0.0,Норма
14:29:50,sitting,180.0,0.0,0.0,Норма
14:29:50,sitting,180.0,0.0,0.0,Норма
14:29:50,sitting,180.0,0.0,0.0,Норма
14:29:50,sitting,180.0,0.0,0.0,Норма
14:29:50,sitting,180.0,0.0,0.0,Норма
14:29:50,sitting,180.0,0.0,0.0,Норма
14:29:50,sitting,180.0,0.0,0.0,Норма
14:29:50,sitting,180.0,0.0,0.0,Норма
14:29:50,sitting,180.0,0.0,0.0,Норма
14:29:50,sitting,180.0,0.0,0.0,Норма
14:29:50,sitting,180.0,0.0,0.0,Норма
14:29:50,sitting,180.0,0.0,0.0,Норма
14:29:50,sitting,180.0,0.0,0.0,Норма
14:29:50,sitting,180.0,0.0,0.0,Норма
14:29:50,sitting,180.0,0.0,0.0,Норма
14:29:50,sitting,180.0,0.0,0.0,Норма
14:29:50,sitting,180.0,0.0,0.0,Норма
14:29:50,sitting,180.0,0.0,0.0,Норма
14:29:51,sitting,180.0,0.0,0.0,Норма
14:29:51,sitting,180.0,0.0,0.0,Норма
14:29:51,sitting,180.0,0.0,0.0,Норма
14:29:51,sitting,180.0,0.0,0.0,Норма
14:29:51,sitting,180.0,0.0,0.0,Норма
14:29:51,sitting,180.0,0.0,0.0,Норма
14:29:51,sitting,180.0,0.0,0.0,Норма
14:29:51,sitting,180.0,0.0,0.0,Норма
14:29:51,sitting,180.0,0.0,0.0,Норма
14:29:51,sitting,180.0,0.0,0.0,Норма
14:29:51,sitting,180.0,0.0,0.0,Норма
14:29:51,sitting,180.0,0.0,0.0,Норма
14:29:51,sitting,180.0,0.0,0.0,Норма
14:29:51,sitting,180.0,0.0,0.0,Норма
14:29:51,sitting,180.0,0.0,0.0,Норма
14:29:51,sitting,180.0,0.0,0.0,Норма
14:29:51,sitting,180.0,0.0,0.0,Норма
14:29:51,sitting,180.0,0.0,0.0,Норма
14:29:51,sitting,180.0,0.0,0.0,Норма
14:29:51,sitting,180.0,0.0,0.0,Норма
14:29:51,sitting,180.0,0.0,0.0,Норма
14:29:51,sitting,180.0,0.0,0.0,Норма
14:29:51,sitting,180.0,0.0,0.0,Норма
14:29:51,sitting,180.0,0.0,0.0,Норма
14:29:51,sitting,180.0,0.0,0.0,Норма
14:29:51,sitting,180.0,0.0,0.0,Норма
14:29:51,sitting,180.0,0.0,0.0,Норма
14:29:51,sitting,180.0,0.0,0.0,Норма
14:29:51,sitting,180.0,0.0,0.0,Норма
14:29:52,sitting,180.0,0.0,0.0,Норма
14:29:52,sitting,180.0,0.0,0.0,Норма
14:29:52,sitting,180.0,0.0,0.0,Норма
14:29:52,sitting,180.0,0.0,0.0,Норма
14:29:52,sitting,180.0,0.0,0.0,Норма
14:29:52,sitting,180.0,0.0,0.0,Норма
14:29:52,sitting,180.0,0.0,0.0,Норма
14:29:52,sitting,180.0,0.0,0.0,Норма
14:29:52,sitting,180.0,0.0,0.0,Норма
14:29:52,sitting,180.0,0.0,0.0,Норма
14:29:52,sitting,180.0,0.0,0.0,Норма
14:29:52,sitting,180.0,0.0,0.0,Норма
14:29:52,sitting,180.0,0.0,0.0,Норма
14:29:52,sitting,180.0,0.0,0.0,Норма
14:29:52,sitting,180.0,0.0,0.0,Норма
14:29:52,sitting,180.0,0.0,0.0,Норма
14:29:52,sitting,180.0,0.0,0.0,Норма
14:29:52,sitting,180.0,0.0,0.0,Норма
14:29:52,sitting,180.0,0.0,0.0,Норма
14:29:52,sitting,180.0,0.0,0.0,Норма
14:29:52,sitting,180.0,0.0,0.0,Норма
14:29:52,sitting,180.0,0.0,0.0,Норма
14:29:52,sitting,180.0,0.0,0.0,Норма
14:29:52,sitting,180.0,0.0,0.0,Норма
14:29:52,sitting,180.0,0.0,0.0,Норма
14:29:52,sitting,180.0,0.0,0.0,Норма
14:29:52,sitting,180.0,0.0,0.0,Норма
14:29:52,sitting,180.0,0.0,0.0,Норма
14:29:52,sitting,180.0,0.0,0.0,Норма
14:29:53,sitting,180.0,0.0,0.0,Норма
14:29:53,sitting,180.0,0.0,0.0,Норма
14:29:53,sitting,180.0,0.0,0.0,Норма
14:29:53,sitting,180.0,0.0,0.0,Норма
14:29:53,sitting,180.0,0.0,0.0,Норма
14:29:53,sitting,180.0,0.0,0.0,Норма
14:29:53,sitting,180.0,0.0,0.0,Норма
14:29:53,sitting,180.0,0.0,0.0,Норма
14:29:53,sitting,180.0,0.0,0.0,Норма
14:29:53,sitting,180.0,0.0,0.0,Норма
14:29:53,sitting,180.0,0.0,0.0,Норма
14:29:53,sitting,180.0,0.0,0.0,Норма
14:29:53,sitting,180.0,0.0,0.0,Норма
14:29:53,sitting,180.0,0.0,0.0,Норма
14:29:53,sitting,180.0,0.0,0.0,Норма
14:29:53,sitting,180.0,0.0,0.0,Норма
14:29:53,sitting,180.0,0.0,0.0,Норма
14:29:53,sitting,180.0,0.0,0.0,Норма
14:29:53,sitting,180.0,0.0,0.0,Норма
14:29:53,sitting,180.0,0.0,0.0,Норма
14:29:53,sitting,180.0,0.0,0.0,Норма
14:29:53,sitting,180.0,0.0,0.0,Норма
14:29:53,sitting,180.0,0.0,0.0,Норма
14:29:53,sitting,180.0,0.0,0.0,Норма
14:29:53,sitting,180.0,0.0,0.0,Норма
14:29:53,sitting,180.0,0.0,0.0,Норма
14:29:53,sitting,180.0,0.0,0.0,Норма
14:29:53,sitting,180.0,0.0,0.0,Норма
14:29:53,sitting,180.0,0.0,0.0,Норма
14:29:53,sitting,180.0,0.0,0.0,Норма
14:29:54,sitting,180.0,0.0,0.0,Норма
14:29:54,sitting,180.0,0.0,0.0,Норма
14:29:54,sitting,180.0,0.0,0.0,Норма
14:29:54,sitting,180.0,0.0,0.0,Норма
14:29:54,sitting,180.0,0.0,0.0,Норма
14:29:54,sitting,180.0,0.0,0.0,Норма
14:29:54,sitting,180.0,0.0,0.0,Норма
14:29:54,sitting,180.0,0.0,0.0,Норма
14:29:54,sitting,180.0,0.0,0.0,Норма
14:29:54,sitting,180.0,0.0,0.0,Норма
14:29:54,sitting,180.0,0.0,0.0,Норма
14:29:54,sitting,180.0,0.0,0.0,Норма
14:29:54,sitting,180.0,0.0,0.0,Норма
14:29:54,sitting,180.0,0.0,0.0,Норма
14:29:54,sitting,180.0,0.0,0.0,Норма
14:29:54,sitting,180.0,0.0,0.0,Норма
14:29:54,sitting,180.0,0.0,0.0,Норма
14:29:54,sitting,180.0,0.0,0.0,Норма
14:29:54,sitting,180.0,0.0,0.0,Норма
14:29:54,sitting,180.0,0.0,0.0,Норма
14:29:54,sitting,180.0,0.0,0.0,Норма
14:29:54,sitting,180.0,0.0,0.0,Норма
14:29:54,sitting,180.0,0.0,0.0,Норма
14:29:54,sitting,180.0,0.0,0.0,Норма
14:29:54,sitting,180.0,0.0,0.0,Норма
14:29:54,sitting,180.0,0.0,0.0,Норма
14:29:54,sitting,180.0,0.0,0.0,Норма
14:29:54,sitting,180.0,0.0,0.0,Норма
14:29:54,sitting,180.0,0.0,0.0,Норма
14:29:54,sitting,180.0,0.0,0.0,Норма
14:29:54,sitting,180.0,0.0,0.0,Норма
14:29:55,sitting,180.0,0.0,0.0,Норма
14:29:55,sitting,180.0,0.0,0.0,Норма
14:29:55,sitting,180.0,0.0,0.0,Норма
14:29:55,sitting,180.0,0.0,0.0,Норма
14:29:55,sitting,180.0,0.0,0.0,Норма
14:29:55,sitting,180.0,0.0,0.0,Норма
14:29:55,sitting,180.0,0.0,0.0,Норма
14:29:55,sitting,180.0,0.0,0.0,Норма
14:29:55,sitting,180.0,0.0,0.0,Норма
14:29:55,sitting,180.0,0.0,0.0,Норма
14:29:55,sitting,180.0,0.0,0.0,Норма
14:29:55,sitting,180.0,0.0,0.0,Норма
14:29:55,sitting,180.0,0.0,0.0,Норма
14:29:55,sitting,180.0,0.0,0.0,Норма
14:29:55,sitting,180.0,0.0,0.0,Норма
14:29:55,sitting,180.0,0.0,0.0,Норма
14:29:55,sitting,180.0,0.0,0.0,Норма
14:29:55,sitting,180.0,0.0,0.0,Норма
14:29:55,sitting,180.0,0.0,0.0,Норма
14:29:55,sitting,180.0,0.0,0.0,Норма
14:29:55,sitting,180.0,0.0,0.0,Норма
14:29:55,sitting,180.0,0.0,0.0,Норма
14:29:55,sitting,180.0,0.0,0.0,Норма
14:29:55,sitting,180.0,0.0,0.0,Норма
14:29:55,sitting,180.0,0.0,0.0,Норма
14:29:55,sitting,180.0,0.0,0.0,Норма
14:29:55,sitting,180.0,0.0,0.0,Норма
14:29:55,sitting,180.0,0.0,0.0,Норма
14:29:55,sitting,180.0,0.0,0.0,Норма
14:29:56,sitting,180.0,0.0,0.0,Норма
14:29:56,sitting,180.0,0.0,0.0,Норма
14:29:56,sitting,180.0,0.0,0.0,Норма
14:29:56,sitting,180.0,0.0,0.0,Норма
14:29:56,sitting,180.0,0.0,0.0,Норма
14:29:56,sitting,180.0,0.0,0.0,Норма
14:29:56,sitting,180.0,0.0,0.0,Норма
14:29:56,sitting,180.0,0.0,0.0,Норма
14:29:56,sitting,180.0,0.0,0.0,Норма
14:29:56,sitting,180.0,0.0,0.0,Норма
14:29:56,sitting,180.0,0.0,0.0,Норма
14:29:56,sitting,180.0,0.0,0.0,Норма
14:29:56,sitting,180.0,0.0,0.0,Норма
14:29:56,sitting,180.0,0.0,0.0,Норма
14:29:56,sitting,180.0,0.0,0.0,Норма
14:29:56,sitting,180.0,0.0,0.0,Норма
14:29:56,sitting,180.0,0.0,0.0,Норма
14:29:56,sitting,180.0,0.0,0.0,Норма
14:29:56,sitting,180.0,0.0,0.0,Норма
14:29:56,sitting,180.0,0.0,0.0,Норма
14:29:56,sitting,180.0,0.0,0.0,Норма
14:29:56,sitting,180.0,0.0,0.0,Норма
14:29:56,sitting,180.0,0.0,0.0,Норма
14:29:56,sitting,180.0,0.0,0.0,Норма
14:29:56,sitting,180.0,0.0,0.0,Норма
14:29:56,sitting,180.0,0.0,0.0,Норма
14:29:56,sitting,180.0,0.0,0.0,Норма
14:29:56,sitting,180.0,0.0,0.0,Норма
14:29:56,sitting,180.0,0.0,0.0,Норма
14:29:56,sitting,180.0,0.0,0.0,Норма
14:29:57,sitting,180.0,0.0,0.0,Норма
14:29:57,sitting,180.0,0.0,0.0,Норма
14:29:57,sitting,180.0,0.0,0.0,Норма
14:29:57,sitting,180.0,0.0,0.0,Норма
14:29:57,sitting,180.0,0.0,0.0,Норма
14:29:57,sitting,180.0,0.0,0.0,Норма
14:29:57,sitting,180.0,0.0,0.0,Норма
14:29:57,sitting,180.0,0.0,0.0,Норма
14:29:57,sitting,180.0,0.0,0.0,Норма
14:29:57,sitting,180.0,0.0,0.0,Норма
14:29:57,sitting,180.0,0.0,0.0,Норма
14:29:57,sitting,180.0,0.0,0.0,Норма
14:29:57,sitting,180.0,0.0,0.0,Норма
14:29:57,sitting,180.0,0.0,0.0,Норма
14:29:57,sitting,180.0,0.0,0.0,Норма
14:29:57,sitting,180.0,0.0,0.0,Норма
14:29:57,sitting,180.0,0.0,0.0,Норма
14:29:57,sitting,180.0,0.0,0.0,Норма
14:29:57,sitting,180.0,0.0,0.0,Норма
14:29:57,sitting,180.0,0.0,0.0,Норма
14:29:57,sitting,180.0,0.0,0.0,Норма
14:29:57,sitting,180.0,0.0,0.0,Норма
14:29:57,sitting,180.0,0.0,0.0,Норма
14:29:57,sitting,180.0,0.0,0.0,Норма
14:29:57,sitting,180.0,0.0,0.0,Норма
14:29:57,sitting,180.0,0.0,0.0,Норма
14:29:57,sitting,180.0,0.0,0.0,Норма
14:29:57,sitting,180.0,0.0,0.0,Норма
14:29:57,sitting,180.0,0.0,0.0,Норма
14:29:58,sitting,180.0,0.0,0.0,Норма
14:29:58,sitting,180.0,0.0,0.0,Норма
14:29:58,sitting,180.0,0.0,0.0,Норма
14:29:58,sitting,180.0,0.0,0.0,Норма
14:29:58,sitting,180.0,0.0,0.0,Норма
14:29:58,sitting,180.0,0.0,0.0,Норма
14:29:58,sitting,180.0,0.0,0.0,Норма
14:29:58,sitting,180.0,0.0,0.0,Норма
14:29:58,sitting,180.0,0.0,0.0,Норма
14:29:58,sitting,180.0,0.0,0.0,Норма
14:29:58,sitting,180.0,0.0,0.0,Норма
14:29:58,sitting,180.0,0.0,0.0,Норма
14:29:58,sitting,180.0,0.0,0.0,Норма
14:29:58,sitting,180.0,0.0,0.0,Норма
14:29:58,sitting,180.0,0.0,0.0,Норма
14:29:58,sitting,180.0,0.0,0.0,Норма
14:29:58,sitting,180.0,0.0,0.0,Норма
14:29:58,sitting,180.0,0.0,0.0,Норма
14:29:58,sitting,180.0,0.0,0.0,Норма
14:29:58,sitting,180.0,0.0,0.0,Норма
14:29:58,sitting,180.0,0.0,0.0,Норма
14:29:58,sitting,180.0,0.0,0.0,Норма
14:29:58,sitting,180.0,0.0,0.0,Норма
14:29:58,sitting,180.0,0.0,0.0,Норма
14:29:58,sitting,180.0,0.0,0.0,Норма
14:29:58,sitting,180.0,0.0,0.0,Норма
14:29:58,sitting,180.0,0.0,0.0,Норма
14:29:58,sitting,180.0,0.0,0.0,Норма
14:29:58,sitting,180.0,0.0,0.0,Норма
14:29:58,sitting,180.0,0.0,0.0,Норма
14:29:59,sitting,180.0,0.0,0.0,Норма
14:29:59,sitting,180.0,0.0,0.0,Норма
14:29:59,sitting,180.0,0.0,0.0,Норма
14:29:59,sitting,180.0,0.0,0.0,Норма
14:29:59,sitting,180.0,0.0,0.0,Норма
14:29:59,sitting,180.0,0.0,0.0,Норма
14:29:59,sitting,180.0,0.0,0.0,Норма
14:29:59,sitting,180.0,0.0,0.0,Норма
14:29:59,sitting,180.0,0.0,0.0,Норма
14:29:59,sitting,180.0,0.0,0.0,Норма
14:29:59,sitting,180.0,0.0,0.0,Норма
14:29:59,sitting,180.0,0.0,0.0,Норма
14:29:59,sitting,180.0,0.0,0.0,Норма
14:29:59,sitting,180.0,0.0,0.0,Норма
14:29:59,sitting,180.0,0.0,0.0,Норма
14:29:59,sitting,180.0,0.0,0.0,Норма
14:29:59,sitting,180.0,0.0,0.0,Норма
14:29:59,sitting,180.0,0.0,0.0,Норма
14:29:59,sitting,180.0,0.0,0.0,Норма
14:29:59,sitting,180.0,0.0,0.0,Норма
14:29:59,sitting,180.0,0.0,0.0,Норма
14:29:59,sitting,180.0,0.0,0.0,Норма
14:29:59,sitting,180.0,0.0,0.0,Норма
14:29:59,sitting,180.0,0.0,0.0,Норма
14:29:59,sitting,180.0,0.0,0.0,Норма
14:29:59,sitting,180.0,0.0,0.0,Норма
14:29:59,sitting,180.0,0.0,0.0,Норма
14:29:59,sitting,180.0,0.0,0.0,Норма
14:29:59,sitting,180.0,0.0,0.0,Норма
14:29:59,sitting,180.0,0.0,0.0,Норма
14:30:00,sitting,180.0,0.0,0.0,Норма
14:30:00,sitting,180.0,0.0,0.0,Норма
14:30:00,sitting,180.0,0.0,0.0,Норма
14:30:00,sitting,180.0,0.0,0.0,Норма
14:30:00,sitting,180.0,0.0,0.0,Норма
14:30:00,sitting,180.0,0.0,0.0,Норма
14:30:00,sitting,180.0,0.0,0.0,Норма
14:30:00,sitting,180.0,0.0,0.0,Норма
14:30:00,sitting,180.0,0.0,0.0,Норма
14:30:00,sitting,180.0,0.0,0.0,Норма
14:30:00,sitting,180.0,0.0,0.0,Норма
14:30:00,sitting,180.0,0.0,0.0,Норма
14:30:00,sitting,180.0,0.0,0.0,Норма
14:30:00,sitting,180.0,0.0,0.0,Норма
14:30:00,sitting,180.0,0.0,0.0,Норма
14:30:00,sitting,180.0,0.0,0.0,Норма
14:30:00,sitting,180.0,0.0,0.0,Норма
14:30:00,sitting,180.0,0.0,0.0,Норма
14:30:00,sitting,180.0,0.0,0.0,Норма
14:30:00,sitting,180.0,0.0,0.0,Норма
14:30:00,sitting,180.0,0.0,0.0,Норма
14:30:00,sitting,180.0,0.0,0.0,Норма
14:30:00,sitting,180.0,0.0,0.0,Норма
14:30:00,sitting,180.0,0.0,0.0,Норма
14:30:00,sitting,180.0,0.0,0.0,Норма
14:30:00,sitting,180.0,0.0,0.0,Норма
14:30:00,sitting,68.1,26.9,352.0,Ошибка: Сутулость
14:30:00,sitting,101.4,26.8,728.8,Ошибка: Сутулость
14:30:00,sitting,120.6,27.0,1066.6,Ошибка: Сутулость
14:30:01,sitting,148.4,27.4,1556.7,Ошибка: Сутулость
14:30:01,sitting,180.0,0.0,0.0,Норма
14:30:01,sitting,180.0,0.0,0.0,Норма
14:30:01,sitting,180.0,0.0,0.0,Норма
14:30:01,sitting,144.4,10.8,1484.7,Ошибка: Угол ног в кресле
14:30:01,sitting,131.5,3.4,1259.1,Ошибка: Угол ног в кресле
14:30:01,sitting,118.0,3.0,1021.5,Ошибка: Угол ног в кресле
14:30:01,sitting,113.8,0.8,947.1,Посадка в норме
14:30:01,sitting,103.9,1.4,772.7,Посадка в норме
14:30:01,sitting,127.1,1.9,1181.0,Ошибка: Угол ног в кресле
14:30:01,sitting,138.8,2.5,1387.1,Ошибка: Угол ног в кресле
14:30:01,sitting,152.4,2.1,1626.5,Ошибка: Угол ног в кресле
14:30:01,sitting,155.0,0.5,1671.5,Ошибка: Угол ног в кресле
14:30:01,sitting,162.7,0.3,1711.9,Ошибка: Угол ног в кресле
14:30:01,sitting,171.4,0.3,1558.5,Ошибка: Угол ног в кресле
14:30:01,sitting,172.4,0.1,1542.0,Ошибка: Угол ног в кресле
14:30:01,sitting,171.2,0.5,1562.9,Ошибка: Угол ног в кресле
14:30:01,sitting,172.9,0.4,1532.3,Ошибка: Угол ног в кресле
14:30:01,sitting,174.9,0.6,1497.3,Ошибка: Угол ног в кресле
14:30:01,sitting,176.5,0.7,1469.8,Ошибка: Угол ног в кресле
14:30:01,sitting,176.3,2.2,1473.8,Ошибка: Угол ног в кресле
14:30:01,sitting,177.4,2.7,1453.8,Ошибка: Угол ног в кресле
14:30:02,sitting,177.5,2.5,1452.0,Ошибка: Угол ног в кресле
14:30:02,sitting,177.7,2.6,1449.3,Ошибка: Угол ног в кресле
14:30:02,sitting,178.5,2.7,1433.8,Ошибка: Угол ног в кресле
14:30:02,sitting,178.9,2.9,1427.6,Ошибка: Угол ног в кресле
14:30:02,sitting,178.4,3.8,1436.7,Ошибка: Угол ног в кресле
14:30:02,sitting,177.8,4.5,1446.5,Ошибка: Угол ног в кресле
14:30:02,sitting,177.1,4.9,1459.9,Ошибка: Угол ног в кресле
14:30:02,sitting,176.0,5.6,1478.4,Ошибка: Угол ног в кресле
14:30:02,sitting,175.3,5.7,1490.6,Ошибка: Угол ног в кресле
14:30:02,sitting,175.1,5.0,1494.4,Ошибка: Угол ног в кресле
14:30:02,sitting,175.0,5.3,1496.1,Ошибка: Угол ног в кресле
14:30:02,sitting,175.3,5.3,1490.7,Ошибка: Угол ног в кресле
14:30:02,sitting,175.3,5.0,1490.2,Ошибка: Угол ног в кресле
14:30:02,sitting,175.5,5.9,1487.8,Ошибка: Угол ног в кресле
14:30:02,sitting,175.4,5.1,1489.0,Ошибка: Угол ног в кресле
14:30:02,sitting,175.3,5.2,1490.7,Ошибка: Угол ног в кресле
14:30:02,sitting,175.0,5.3,1496.3,Ошибка: Угол ног в кресле
14:30:02,sitting,175.0,5.0,1496.2,Ошибка: Угол ног в кресле
14:30:02,sitting,174.7,4.8,1500.7,Ошибка: Угол ног в кресле
14:30:02,sitting,174.6,4.6,1502.9,Ошибка: Угол ног в кресле
14:30:02,sitting,174.5,5.2,1504.5,Ошибка: Угол ног в кресле
14:30:03,sitting,174.6,5.7,1502.2,Ошибка: Угол ног в кресле
14:30:03,sitting,174.8,5.5,1499.3,Ошибка: Угол ног в кресле
14:30:03,sitting,175.0,5.3,1495.9,Ошибка: Угол ног в кресле
14:30:03,sitting,174.9,6.2,1497.5,Ошибка: Угол ног в кресле
14:30:03,sitting,175.0,6.2,1496.4,Ошибка: Угол ног в кресле
14:30:03,sitting,175.2,5.6,1493.2,Ошибка: Угол ног в кресле
14:30:03,sitting,175.3,5.5,1491.0,Ошибка: Угол ног в кресле
14:30:03,sitting,175.5,5.2,1487.4,Ошибка: Угол ног в кресле
14:30:03,sitting,175.7,4.7,1484.0,Ошибка: Угол ног в кресле
14:30:03,sitting,175.6,5.1,1484.7,Ошибка: Угол ног в кресле
14:30:03,sitting,175.3,5.1,1490.0,Ошибка: Угол ног в кресле
14:30:03,sitting,174.6,3.9,1502.6,Ошибка: Угол ног в кресле
14:30:03,sitting,173.6,3.9,1520.7,Ошибка: Угол ног в кресле
14:30:03,sitting,172.6,0.5,1538.5,Ошибка: Угол ног в кресле
14:30:03,sitting,172.1,0.5,1546.5,Ошибка: Угол ног в кресле
14:30:03,sitting,171.9,0.0,1550.2,Ошибка: Угол ног в кресле
14:30:03,sitting,172.1,0.6,1547.7,Ошибка: Угол ног в кресле
14:30:03,sitting,173.7,2.5,1519.4,Ошибка: Угол ног в кресле
14:30:03,sitting,171.0,2.9,1566.5,Ошибка: Угол ног в кресле
14:30:03,sitting,162.1,2.8,1722.9,Ошибка: Угол ног в кресле
14:30:03,sitting,155.3,1.6,1677.5,Ошибка: Угол ног в кресле
14:30:03,sitting,151.9,2.6,1616.8,Ошибка: Угол ног в кресле
14:30:04,sitting,149.0,3.9,1566.2,Ошибка: Угол ног в кресле
14:30:04,sitting,152.5,4.3,1627.1,Ошибка: Угол ног в кресле
14:30:04,sitting,161.1,4.9,1740.1,Ошибка: Угол ног в кресле
14:30:04,sitting,168.9,5.1,1602.6,Ошибка: Угол ног в кресле
14:30:04,sitting,173.2,5.3,1527.1,Ошибка: Угол ног в кресле
14:30:04,sitting,176.2,5.8,1475.2,Ошибка: Угол ног в кресле
14:30:04,sitting,172.0,6.9,1548.0,Ошибка: Угол ног в кресле
14:30:04,sitting,139.4,6.1,1397.5,Ошибка: Угол ног в кресле
14:30:04,sitting,106.4,6.0,816.1,Посадка в норме
14:30:04,sitting,73.7,6.3,352.0,Ошибка: Угол ног в кресле
14:30:04,sitting,56.9,4.6,352.0,Ошибка: Угол ног в кресле
14:30:04,sitting,59.3,1.7,352.0,Ошибка: Угол ног в кресле
14:30:04,sitting,92.2,0.8,566.4,Посадка в норме
14:30:04,sitting,119.9,0.6,1053.6,Ошибка: Угол ног в кресле
14:30:04,sitting,145.4,2.3,1502.6,Ошибка: Угол ног в кресле
14:30:04,sitting,161.0,2.1,1742.7,Ошибка: Угол ног в кресле
14:30:04,sitting,162.3,4.0,1720.4,Ошибка: Угол ног в кресле
14:30:04,sitting,148.0,3.9,1548.1,Ошибка: Угол ног в кресле
14:30:04,sitting,139.7,5.2,1403.3,Ошибка: Угол ног в кресле
14:30:04,sitting,129.1,6.3,1215.5,Ошибка: Угол ног в кресле
14:30:04,sitting,113.6,6.3,943.0,Посадка в норме
14:30:04,sitting,92.1,7.0,565.3,Посадка в норме
14:30:05,sitting,99.7,6.3,699.4,Посадка в норме
14:30:05,sitting,89.6,7.0,521.5,Посадка в норме
14:30:05,sitting,84.5,7.1,432.0,Посадка в норме
14:30:05,sitting,79.1,7.2,352.0,Посадка в норме
14:30:05,sitting,77.9,7.3,352.0,Посадка в норме
14:30:05,sitting,69.2,7.2,352.0,Ошибка: Угол ног в кресле
14:30:05,sitting,63.1,8.0,352.0,Ошибка: Угол ног в кресле
14:30:05,sitting,58.2,7.4,352.0,Ошибка: Угол ног в кресле
14:30:05,sitting,52.5,7.6,352.0,Ошибка: Угол ног в кресле
14:30:05,sitting,50.7,7.7,352.0,Ошибка: Угол ног в кресле
14:30:05,sitting,43.7,7.5,352.0,Ошибка: Угол ног в кресле
14:30:05,sitting,50.4,7.6,352.0,Ошибка: Угол ног в кресле
14:30:05,sitting,60.0,5.9,352.0,Ошибка: Угол ног в кресле
14:30:05,sitting,72.1,5.8,352.0,Ошибка: Угол ног в кресле
14:30:05,sitting,83.7,5.7,416.5,Посадка в норме
14:30:05,sitting,90.0,5.4,528.8,Посадка в норме
14:30:05,sitting,97.0,5.8,650.3,Посадка в норме
14:30:05,sitting,107.2,5.1,830.2,Посадка в норме
14:30:06,sitting,118.4,4.6,1027.7,Ошибка: Угол ног в кресле
14:30:06,sitting,131.1,4.8,1250.7,Ошибка: Угол ног в кресле
14:30:06,sitting,114.3,6.0,955.8,Посадка в норме
14:30:06,sitting,104.3,7.6,779.0,Посадка в норме
14:30:06,sitting,97.4,7.2,658.2,Посадка в норме
14:30:06,sitting,71.3,6.8,352.0,Ошибка: Угол ног в кресле
14:30:06,sitting,72.3,6.7,352.0,Ошибка: Угол ног в кресле
14:30:06,sitting,102.9,6.6,755.3,Посадка в норме
14:30:06,sitting,111.4,6.4,904.8,Посадка в норме
14:30:06,sitting,124.4,6.4,1132.9,Ошибка: Угол ног в кресле
14:30:06,sitting,150.8,6.5,1597.6,Ошибка: Угол ног в кресле
14:30:06,sitting,149.5,6.7,1575.9,Ошибка: Угол ног в кресле
14:30:06,sitting,119.6,7.9,1049.8,Ошибка: Угол ног в кресле
14:30:06,sitting,108.4,8.1,851.4,Посадка в норме
14:30:06,sitting,81.8,6.8,383.2,Посадка в норме
14:30:06,sitting,84.3,4.8,428.4,Посадка в норме
14:30:06,sitting,86.2,3.4,461.1,Посадка в норме
14:30:07,sitting,91.4,3.3,553.1,Посадка в норме
14:30:07,sitting,119.0,4.6,1038.2,Ошибка: Угол ног в кресле
14:30:07,sitting,116.9,4.5,1001.5,Ошибка: Угол ног в кресле
14:30:07,sitting,106.2,4.6,813.7,Посадка в норме
14:30:07,sitting,101.8,4.3,736.0,Посадка в норме
14:30:07,sitting,127.9,4.2,1195.0,Ошибка: Угол ног в кресле
14:30:07,sitting,123.8,4.6,1123.8,Ошибка: Угол ног в кресле
14:30:07,sitting,149.1,4.9,1568.8,Ошибка: Угол ног в кресле
14:30:07,sitting,157.5,5.0,1715.9,Ошибка: Угол ног в кресле
14:30:07,sitting,160.3,4.9,1754.7,Ошибка: Угол ног в кресле
14:30:07,sitting,129.3,7.6,1219.0,Ошибка: Угол ног в кресле
14:30:07,sitting,99.8,8.7,700.8,Посадка в норме
14:30:07,sitting,74.9,8.1,352.0,Ошибка: Угол ног в кресле
14:30:07,sitting,45.6,9.6,352.0,Ошибка: Угол ног в кресле
14:30:07,sitting,13.3,8.8,352.0,Ошибка: Угол ног в кресле
14:30:07,sitting,14.1,8.7,352.0,Ошибка: Угол ног в кресле
14:30:07,sitting,19.3,10.0,352.0,Ошибка: Угол ног в кресле
14:30:07,sitting,18.8,9.4,352.0,Ошибка: Угол ног в кресле
14:30:07,sitting,21.0,9.3,352.0,Ошибка: Угол ног в кресле
14:30:07,sitting,20.8,9.1,352.0,Ошибка: Угол ног в кресле
14:30:07,sitting,20.4,9.5,352.0,Ошибка: Угол ног в кресле
14:30:08,sitting,15.0,8.3,352.0,Ошибка: Угол ног в кресле
14:30:08,sitting,12.2,8.3,352.0,Ошибка: Угол ног в кресле
14:30:08,sitting,7.5,8.4,352.0,Ошибка: Угол ног в кресле
14:30:08,sitting,6.3,7.5,352.0,Ошибка: Угол ног в кресле
14:30:08,sitting,3.5,7.7,352.0,Ошибка: Угол ног в кресле
14:30:08,sitting,14.1,6.4,352.0,Ошибка: Угол ног в кресле
14:30:08,sitting,13.5,7.7,352.0,Ошибка: Угол ног в кресле
14:30:08,sitting,13.6,7.9,352.0,Ошибка: Угол ног в кресле
14:30:08,sitting,15.1,8.8,352.0,Ошибка: Угол ног в кресле
14:30:08,sitting,18.5,9.3,352.0,Ошибка: Угол ног в кресле
14:30:08,sitting,8.7,9.2,352.0,Ошибка: Угол ног в кресле
14:30:08,sitting,28.0,9.8,352.0,Ошибка: Угол ног в кресле
14:30:08,sitting,36.2,9.7,352.0,Ошибка: Угол ног в кресле
14:30:08,sitting,37.3,9.5,352.0,Ошибка: Угол ног в кресле
14:30:08,sitting,60.6,9.2,352.0,Ошибка: Угол ног в кресле
14:30:08,sitting,78.4,9.2,352.0,Посадка в норме
14:30:08,sitting,80.8,9.4,366.2,Посадка в норме
14:30:08,sitting,90.9,9.4,543.9,Посадка в норме
14:30:08,sitting,103.4,9.3,764.7,Посадка в норме
14:30:08,sitting,79.8,9.4,352.0,Посадка в норме
14:30:08,sitting,80.8,8.6,366.3,Посадка в норме
14:30:08,sitting,58.9,5.8,352.0,Ошибка: Угол ног в кресле
14:30:09,sitting,47.2,6.3,352.0,Ошибка: Угол ног в кресле
14:30:09,sitting,45.2,7.3,352.0,Ошибка: Угол ног в кресле
14:30:09,sitting,61.4,7.5,352.0,Ошибка: Угол ног в кресле
14:30:09,sitting,63.2,7.6,352.0,Ошибка: Угол ног в кресле
14:30:09,sitting,87.0,7.7,474.9,Посадка в норме
14:30:09,sitting,103.1,8.2,757.7,Посадка в норме
14:30:09,sitting,103.3,8.2,762.2,Посадка в норме
14:30:09,sitting,98.1,8.6,670.7,Посадка в норме
14:30:09,sitting,90.2,8.8,531.2,Посадка в норме
14:30:09,sitting,84.3,8.9,427.9,Посадка в норме
14:30:09,sitting,82.5,8.4,395.2,Посадка в норме
14:30:09,sitting,92.9,8.2,579.9,Посадка в норме
14:30:09,sitting,100.1,8.3,706.6,Посадка в норме
14:30:09,sitting,102.3,8.6,744.6,Посадка в норме
14:30:09,sitting,99.3,8.9,692.2,Посадка в норме
14:30:09,sitting,99.6,9.3,696.4,Посадка в норме
14:30:09,sitting,101.8,9.7,734.8,Посадка в норме
14:30:09,sitting,104.6,9.4,784.3,Посадка в норме
14:30:09,sitting,109.0,9.3,861.9,Посадка в норме
14:30:10,sitting,114.6,9.0,960.2,Посадка в норме
14:30:10,sitting,118.8,8.8,1035.3,Ошибка: Угол ног в кресле
14:30:10,sitting,114.6,9.4,961.4,Посадка в норме
14:30:10,sitting,119.9,8.5,1053.9,Ошибка: Угол ног в кресле
14:30:10,sitting,121.8,8.5,1087.6,Ошибка: Угол ног в кресле
14:30:10,sitting,118.1,9.4,1022.3,Ошибка: Угол ног в кресле
14:30:10,sitting,108.1,9.7,846.5,Посадка в норме
14:30:10,sitting,103.1,9.7,758.8,Посадка в норме
14:30:10,sitting,97.2,9.7,654.9,Посадка в норме
14:30:10,sitting,97.1,9.8,652.7,Посадка в норме
14:30:10,sitting,105.5,9.8,801.6,Посадка в норме
14:30:10,sitting,119.9,9.8,1054.4,Ошибка: Угол ног в кресле
14:30:10,sitting,133.3,8.9,1291.0,Ошибка: Угол ног в кресле
14:30:10,sitting,140.2,8.6,1411.6,Ошибка: Угол ног в кресле
14:30:10,sitting,147.9,9.0,1546.4,Ошибка: Угол ног в кресле
14:30:10,sitting,154.0,8.1,1654.5,Ошибка: Угол ног в кресле
14:30:10,sitting,155.2,8.4,1675.2,Ошибка: Угол ног в кресле
14:30:10,sitting,155.2,9.3,1674.7,Ошибка: Угол ног в кресле
14:30:10,sitting,151.2,9.4,1604.4,Ошибка: Угол ног в кресле
14:30:10,sitting,149.1,9.6,1567.5,Ошибка: Угол ног в кресле
14:30:10,sitting,145.9,9.8,1511.0,Ошибка: Угол ног в кресле
14:30:11,sitting,133.7,10.1,1297.0,Ошибка: Угол ног в кресле
14:30:11,sitting,119.5,10.1,1048.0,Ошибка: Угол ног в кресле
14:30:11,sitting,121.2,9.5,1076.4,Ошибка: Угол ног в кресле
14:30:11,sitting,121.5,9.6,1083.2,Ошибка: Угол ног в кресле
14:30:11,sitting,120.9,9.6,1072.0,Ошибка: Угол ног в кресле
14:30:11,sitting,130.1,9.4,1233.9,Ошибка: Угол ног в кресле
14:30:11,sitting,141.6,9.8,1435.6,Ошибка: Угол ног в кресле
14:30:11,sitting,143.1,9.8,1462.0,Ошибка: Угол ног в кресле
14:30:11,sitting,143.5,9.8,1469.1,Ошибка: Угол ног в кресле
14:30:11,sitting,143.6,10.3,1471.0,Ошибка: Угол ног в кресле
14:30:11,sitting,136.1,10.2,1339.9,Ошибка: Угол ног в кресле
14:30:11,sitting,131.0,10.4,1249.2,Ошибка: Угол ног в кресле
14:30:11,sitting,123.7,10.3,1121.3,Ошибка: Угол ног в кресле
14:30:11,sitting,111.7,10.1,909.4,Посадка в норме
14:30:11,sitting,98.5,10.3,676.8,Посадка в норме
14:30:11,sitting,94.1,10.4,599.6,Посадка в норме
14:30:11,sitting,89.9,10.6,526.1,Посадка в норме
14:30:11,sitting,86.1,10.9,459.4,Посадка в норме
14:30:11,sitting,93.2,10.8,584.9,Посадка в норме
14:30:11,sitting,107.4,10.1,833.5,Посадка в норме
14:30:11,sitting,121.5,9.7,1082.9,Ошибка: Угол ног в кресле
14:30:12,sitting,132.4,9.7,1274.3,Ошибка: Угол ног в кресле
14:30:12,sitting,142.8,9.8,1456.5,Ошибка: Угол ног в кресле
14:30:12,sitting,147.6,9.7,1541.1,Ошибка: Угол ног в кресле
14:30:12,sitting,148.2,9.8,1552.2,Ошибка: Угол ног в кресле
14:30:12,sitting,147.3,9.8,1536.8,Ошибка: Угол ног в кресле
14:30:12,sitting,140.9,7.4,1424.5,Ошибка: Угол ног в кресле
14:30:12,sitting,120.3,5.7,1061.0,Ошибка: Угол ног в кресле
14:30:12,sitting,95.5,5.7,625.6,Посадка в норме
14:30:12,sitting,74.8,5.8,352.0,Ошибка: Угол ног в кресле
14:30:12,sitting,60.7,6.2,352.0,Ошибка: Угол ног в кресле
14:30:12,sitting,51.0,7.3,352.0,Ошибка: Угол ног в кресле
14:30:12,sitting,57.9,6.0,352.0,Ошибка: Угол ног в кресле
14:30:12,sitting,62.3,6.6,352.0,Ошибка: Угол ног в кресле
14:30:12,sitting,55.8,6.9,352.0,Ошибка: Угол ног в кресле
14:30:12,sitting,44.6,6.9,352.0,Ошибка: Угол ног в кресле
14:30:12,sitting,42.1,6.8,352.0,Ошибка: Угол ног в кресле
14:30:12,sitting,32.9,6.3,352.0,Ошибка: Угол ног в кресле
14:30:12,sitting,34.0,5.8,352.0,Ошибка: Угол ног в кресле
14:30:12,sitting,42.0,6.0,352.0,Ошибка: Угол ног в кресле
14:30:12,sitting,62.3,5.4,352.0,Ошибка: Угол ног в кресле
14:30:12,sitting,65.6,5.5,352.0,Ошибка: Угол ног в кресле
14:30:12,sitting,92.5,4.6,571.5,Посадка в норме
14:30:13,sitting,112.9,4.9,931.5,Посадка в норме
14:30:13,sitting,129.0,5.1,1213.8,Ошибка: Угол ног в кресле
14:30:13,sitting,129.3,5.0,1220.3,Ошибка: Угол ног в кресле
14:30:13,sitting,146.6,4.6,1524.9,Ошибка: Угол ног в кресле
14:30:13,sitting,147.9,4.1,1546.4,Ошибка: Угол ног в кресле
14:30:13,sitting,149.3,4.3,1572.4,Ошибка: Угол ног в кресле
14:30:13,sitting,154.6,4.2,1665.1,Ошибка: Угол ног в кресле
14:30:13,sitting,158.6,4.3,1735.1,Ошибка: Угол ног в кресле
14:30:13,sitting,157.0,6.2,1707.1,Ошибка: Угол ног в кресле
14:30:13,sitting,147.7,6.4,1543.1,Ошибка: Угол ног в кресле
14:30:13,sitting,144.2,6.4,1481.9,Ошибка: Угол ног в кресле
14:30:13,sitting,146.2,5.1,1517.6,Ошибка: Угол ног в кресле
14:30:13,sitting,151.2,4.8,1604.7,Ошибка: Угол ног в кресле
14:30:13,sitting,154.6,4.8,1664.5,Ошибка: Угол ног в кресле
14:30:13,sitting,162.1,5.1,1722.6,Ошибка: Угол ног в кресле
14:30:13,sitting,166.6,5.1,1643.1,Ошибка: Угол ног в кресле
14:30:13,sitting,168.1,5.0,1618.3,Ошибка: Угол ног в кресле
14:30:13,sitting,144.2,7.0,1482.0,Ошибка: Угол ног в кресле
14:30:13,sitting,144.3,5.8,1483.3,Ошибка: Угол ног в кресле
14:30:13,sitting,121.6,6.7,1084.2,Ошибка: Угол ног в кресле
14:30:13,sitting,123.5,6.5,1116.8,Ошибка: Угол ног в кресле
14:30:14,sitting,92.2,9.0,566.7,Посадка в норме
14:30:14,sitting,107.7,8.0,839.0,Посадка в норме
14:30:14,sitting,94.6,8.0,609.5,Посадка в норме
14:30:14,sitting,90.5,9.6,536.2,Посадка в норме
14:30:14,sitting,80.6,9.5,362.6,Посадка в норме
14:30:14,sitting,94.2,8.6,602.4,Посадка в норме
14:30:14,sitting,101.3,6.8,726.5,Посадка в норме
14:30:14,sitting,85.2,9.1,443.9,Посадка в норме
14:30:14,sitting,83.7,8.8,417.5,Посадка в норме
14:30:14,sitting,74.5,8.9,352.0,Ошибка: Угол ног в кресле
14:30:14,sitting,87.4,7.2,481.4,Посадка в норме
14:30:14,sitting,80.3,6.6,357.4,Посадка в норме
14:30:14,sitting,91.9,7.0,561.9,Посадка в норме
14:30:14,sitting,107.5,6.3,835.9,Посадка в норме
14:30:14,sitting,118.1,5.1,1022.1,Ошибка: Угол ног в кресле
14:30:14,sitting,90.2,3.1,532.4,Посадка в норме
14:30:14,sitting,65.4,2.1,352.0,Ошибка: Угол ног в кресле
14:30:14,sitting,51.6,1.2,352.0,Ошибка: Угол ног в кресле
14:30:14,sitting,36.8,0.9,352.0,Ошибка: Угол ног в кресле
14:30:14,sitting,21.7,0.3,352.0,Ошибка: Угол ног в кресле
14:30:14,sitting,180.0,0.0,0.0,Норма
14:30:15,sitting,180.0,0.0,0.0,Норма
14:30:15,sitting,180.0,0.0,0.0,Норма
14:30:15,sitting,180.0,0.0,0.0,Норма
14:30:15,sitting,180.0,0.0,0.0,Норма
14:30:15,sitting,180.0,0.0,0.0,Норма
14:30:15,sitting,180.0,0.0,0.0,Норма
14:30:15,sitting,180.0,0.0,0.0,Норма
14:30:15,sitting,180.0,0.0,0.0,Норма
14:30:15,sitting,180.0,0.0,0.0,Норма
14:30:15,sitting,180.0,0.0,0.0,Норма
14:30:15,sitting,180.0,0.0,0.0,Норма
14:30:15,sitting,180.0,0.0,0.0,Норма
14:30:15,sitting,180.0,0.0,0.0,Норма
14:30:15,sitting,180.0,0.0,0.0,Норма
14:30:15,sitting,180.0,0.0,0.0,Норма
14:30:15,sitting,180.0,0.0,0.0,Норма
14:30:15,sitting,180.0,0.0,0.0,Норма
14:30:15,sitting,180.0,0.0,0.0,Норма
14:30:15,sitting,180.0,0.0,0.0,Норма
14:30:15,sitting,180.0,0.0,0.0,Норма
14:30:15,sitting,180.0,0.0,0.0,Норма
14:30:15,sitting,180.0,0.0,0.0,Норма
14:30:15,sitting,180.0,0.0,0.0,Норма
14:30:15,sitting,180.0,0.0,0.0,Норма
14:30:15,sitting,180.0,0.0,0.0,Норма
14:30:15,sitting,180.0,0.0,0.0,Норма
14:30:15,sitting,180.0,0.0,0.0,Норма
14:30:15,sitting,180.0,0.0,0.0,Норма
14:30:15,sitting,180.0,0.0,0.0,Норма
14:30:15,sitting,180.0,0.0,0.0,Норма
14:30:15,sitting,180.0,0.0,0.0,Норма
14:30:16,sitting,180.0,0.0,0.0,Норма
14:30:16,sitting,180.0,0.0,0.0,Норма
14:30:16,sitting,180.0,0.0,0.0,Норма
14:30:16,sitting,180.0,0.0,0.0,Норма
14:30:16,sitting,180.0,0.0,0.0,Норма
14:30:16,sitting,180.0,0.0,0.0,Норма
14:30:16,sitting,180.0,0.0,0.0,Норма
14:30:16,sitting,180.0,0.0,0.0,Норма
14:30:16,sitting,180.0,0.0,0.0,Норма
14:30:16,sitting,180.0,0.0,0.0,Норма
14:30:16,sitting,180.0,0.0,0.0,Норма
14:30:16,sitting,180.0,0.0,0.0,Норма
14:30:16,sitting,180.0,0.0,0.0,Норма
14:30:16,sitting,180.0,0.0,0.0,Норма
14:30:16,sitting,180.0,0.0,0.0,Норма
14:30:16,sitting,180.0,0.0,0.0,Норма
14:30:16,sitting,180.0,0.0,0.0,Норма
14:30:16,sitting,180.0,0.0,0.0,Норма
14:30:16,sitting,180.0,0.0,0.0,Норма
14:30:16,sitting,180.0,0.0,0.0,Норма
14:30:16,sitting,180.0,0.0,0.0,Норма
14:30:16,sitting,180.0,0.0,0.0,Норма
14:30:16,sitting,180.0,0.0,0.0,Норма
14:30:16,sitting,180.0,0.0,0.0,Норма
14:30:16,sitting,180.0,0.0,0.0,Норма
14:30:16,sitting,180.0,0.0,0.0,Норма
14:30:16,sitting,180.0,0.0,0.0,Норма
14:30:16,sitting,180.0,0.0,0.0,Норма
14:30:16,sitting,180.0,0.0,0.0,Норма
14:30:17,sitting,180.0,0.0,0.0,Норма
14:30:17,sitting,180.0,0.0,0.0,Норма
14:30:17,sitting,180.0,0.0,0.0,Норма
14:30:17,sitting,180.0,0.0,0.0,Норма
14:30:17,sitting,180.0,0.0,0.0,Норма
14:30:17,sitting,180.0,0.0,0.0,Норма
14:30:17,sitting,180.0,0.0,0.0,Норма
14:30:17,sitting,180.0,0.0,0.0,Норма
14:30:17,sitting,180.0,0.0,0.0,Норма
14:30:17,sitting,180.0,0.0,0.0,Норма
14:30:17,sitting,180.0,0.0,0.0,Норма
14:30:17,sitting,180.0,0.0,0.0,Норма
14:30:17,sitting,180.0,0.0,0.0,Норма
14:30:17,sitting,180.0,0.0,0.0,Норма
14:30:17,sitting,180.0,0.0,0.0,Норма
14:30:17,sitting,180.0,0.0,0.0,Норма
14:30:17,sitting,180.0,0.0,0.0,Норма
14:30:17,sitting,180.0,0.0,0.0,Норма
14:30:17,sitting,180.0,0.0,0.0,Норма
14:30:17,sitting,180.0,0.0,0.0,Норма
14:30:17,sitting,180.0,0.0,0.0,Норма
14:30:17,sitting,180.0,0.0,0.0,Норма
14:30:17,sitting,180.0,0.0,0.0,Норма
14:30:17,sitting,180.0,0.0,0.0,Норма
14:30:17,sitting,180.0,0.0,0.0,Норма
14:30:17,sitting,180.0,0.0,0.0,Норма
14:30:17,sitting,180.0,0.0,0.0,Норма
14:30:18,sitting,180.0,0.0,0.0,Норма
14:30:18,sitting,180.0,0.0,0.0,Норма
14:30:18,sitting,180.0,0.0,0.0,Норма
14:30:18,sitting,180.0,0.0,0.0,Норма
14:30:18,sitting,180.0,0.0,0.0,Норма
14:30:18,sitting,180.0,0.0,0.0,Норма
14:30:18,sitting,180.0,0.0,0.0,Норма
14:30:18,sitting,180.0,0.0,0.0,Норма
14:30:18,sitting,180.0,0.0,0.0,Норма
14:30:18,sitting,180.0,0.0,0.0,Норма
14:30:18,sitting,180.0,0.0,0.0,Норма
14:30:18,sitting,180.0,0.0,0.0,Норма
14:30:18,sitting,180.0,0.0,0.0,Норма
14:30:18,sitting,180.0,0.0,0.0,Норма
14:30:18,sitting,180.0,0.0,0.0,Норма
14:30:18,sitting,180.0,0.0,0.0,Норма
14:30:18,sitting,180.0,0.0,0.0,Норма
14:30:18,sitting,180.0,0.0,0.0,Норма
14:30:18,sitting,180.0,0.0,0.0,Норма
14:30:18,sitting,180.0,0.0,0.0,Норма
14:30:19,sitting,51.5,9.1,352.0,Ошибка: Угол ног в кресле
14:30:19,sitting,83.9,6.7,421.5,Посадка в норме
14:30:19,sitting,115.5,5.5,977.1,Ошибка: Угол ног в кресле
14:30:19,sitting,141.0,4.1,1426.4,Ошибка: Угол ног в кресле
14:30:19,sitting,156.8,5.5,1703.0,Ошибка: Угол ног в кресле
14:30:19,sitting,149.3,5.7,1572.4,Ошибка: Угол ног в кресле
14:30:19,sitting,137.0,6.2,1354.7,Ошибка: Угол ног в кресле
14:30:19,sitting,116.7,6.7,997.6,Ошибка: Угол ног в кресле
14:30:19,sitting,90.2,7.2,531.6,Посадка в норме
14:30:19,sitting,69.3,6.7,352.0,Ошибка: Угол ног в кресле
14:30:19,sitting,44.7,7.4,352.0,Ошибка: Угол ног в кресле
14:30:19,sitting,23.8,6.5,352.0,Ошибка: Угол ног в кресле
14:30:19,sitting,14.7,6.7,352.0,Ошибка: Угол ног в кресле
14:30:19,sitting,16.9,6.7,352.0,Ошибка: Угол ног в кресле
14:30:19,sitting,18.3,6.2,352.0,Ошибка: Угол ног в кресле
14:30:19,sitting,35.9,7.4,352.0,Ошибка: Угол ног в кресле
14:30:19,sitting,56.6,7.8,352.0,Ошибка: Угол ног в кресле
14:30:19,sitting,58.2,8.5,352.0,Ошибка: Угол ног в кресле
14:30:19,sitting,66.3,7.5,352.0,Ошибка: Угол ног в кресле
14:30:19,sitting,62.7,7.9,352.0,Ошибка: Угол ног в кресле
14:30:20,sitting,53.8,6.7,352.0,Ошибка: Угол ног в кресле
14:30:20,sitting,56.4,4.3,352.0,Ошибка: Угол ног в кресле
14:30:20,sitting,68.7,4.7,352.0,Ошибка: Угол ног в кресле
14:30:20,sitting,68.0,5.3,352.0,Ошибка: Угол ног в кресле
14:30:20,sitting,72.1,8.2,352.0,Ошибка: Угол ног в кресле
14:30:20,sitting,81.1,7.0,372.0,Посадка в норме
14:30:20,sitting,80.7,6.1,365.1,Посадка в норме
14:30:20,sitting,83.4,6.8,411.9,Посадка в норме
14:30:20,sitting,101.9,6.2,736.6,Посадка в норме
14:30:20,sitting,102.5,7.3,748.5,Посадка в норме
14:30:20,sitting,114.5,7.1,958.8,Посадка в норме
14:30:20,sitting,121.1,7.0,1074.7,Ошибка: Угол ног в кресле
14:30:20,sitting,128.0,6.9,1196.6,Ошибка: Угол ног в кресле
14:30:20,sitting,123.2,6.9,1111.7,Ошибка: Угол ног в кресле
14:30:20,sitting,126.9,7.6,1177.8,Ошибка: Угол ног в кресле
14:30:20,sitting,108.1,7.6,846.2,Посадка в норме
14:30:20,sitting,85.0,8.5,439.8,Посадка в норме
14:30:20,sitting,68.1,8.7,352.0,Ошибка: Угол ног в кресле
14:30:20,sitting,53.2,8.5,352.0,Ошибка: Угол ног в кресле
14:30:21,sitting,61.7,8.2,352.0,Ошибка: Угол ног в кресле
14:30:21,sitting,70.8,7.3,352.0,Ошибка: Угол ног в кресле
14:30:21,sitting,82.3,7.2,392.0,Посадка в норме
14:30:21,sitting,88.9,7.2,509.2,Посадка в норме
14:30:21,sitting,94.7,7.2,610.2,Посадка в норме
14:30:21,sitting,89.5,7.5,519.4,Посадка в норме
14:30:21,sitting,86.5,7.4,466.8,Посадка в норме
14:30:21,sitting,87.6,7.7,485.5,Посадка в норме
14:30:21,sitting,77.5,8.3,352.0,Посадка в норме
14:30:21,sitting,69.6,8.7,352.0,Ошибка: Угол ног в кресле
14:30:21,sitting,63.3,8.4,352.0,Ошибка: Угол ног в кресле
14:30:21,sitting,55.9,8.3,352.0,Ошибка: Угол ног в кресле
14:30:21,sitting,54.3,8.0,352.0,Ошибка: Угол ног в кресле
14:30:21,sitting,69.6,8.0,352.0,Ошибка: Угол ног в кресле
14:30:21,sitting,80.6,8.2,362.2,Посадка в норме
14:30:21,sitting,83.3,8.2,410.3,Посадка в норме
14:30:21,sitting,86.5,8.1,466.8,Посадка в норме
14:30:21,sitting,82.1,8.0,388.7,Посадка в норме
14:30:21,sitting,75.0,8.1,352.0,Посадка в норме
14:30:22,sitting,64.9,8.4,352.0,Ошибка: Угол ног в кресле
14:30:22,sitting,71.1,8.4,352.0,Ошибка: Угол ног в кресле
14:30:22,sitting,74.9,8.0,352.0,Ошибка: Угол ног в кресле
14:30:22,sitting,78.5,8.2,352.0,Посадка в норме
14:30:22,sitting,81.3,8.3,375.0,Посадка в норме
14:30:22,sitting,90.7,7.9,540.9,Посадка в норме
14:30:22,sitting,91.1,7.7,548.2,Посадка в норме
14:30:22,sitting,93.0,7.6,580.5,Посадка в норме
14:30:22,sitting,97.2,7.0,655.1,Посадка в норме
14:30:22,sitting,94.1,7.1,600.0,Посадка в норме
14:30:22,sitting,83.0,7.2,405.3,Посадка в норме
14:30:22,sitting,72.4,7.4,352.0,Ошибка: Угол ног в кресле
14:30:22,sitting,63.7,7.7,352.0,Ошибка: Угол ног в кресле
14:30:22,sitting,53.9,7.7,352.0,Ошибка: Угол ног в кресле
14:30:22,sitting,53.3,7.7,352.0,Ошибка: Угол ног в кресле
14:30:22,sitting,58.2,8.3,352.0,Ошибка: Угол ног в кресле
14:30:22,sitting,59.6,8.9,352.0,Ошибка: Угол ног в кресле
14:30:23,sitting,59.2,8.9,352.0,Ошибка: Угол ног в кресле
14:30:23,sitting,58.3,8.8,352.0,Ошибка: Угол ног в кресле
14:30:23,sitting,53.7,8.7,352.0,Ошибка: Угол ног в кресле
14:30:23,sitting,42.6,8.7,352.0,Ошибка: Угол ног в кресле
14:30:23,sitting,38.2,8.9,352.0,Ошибка: Угол ног в кресле
14:30:23,sitting,34.3,8.9,352.0,Ошибка: Угол ног в кресле
14:30:23,sitting,31.4,8.9,352.0,Ошибка: Угол ног в кресле
14:30:23,sitting,33.2,9.0,352.0,Ошибка: Угол ног в кресле
14:30:23,sitting,46.6,8.9,352.0,Ошибка: Угол ног в кресле
14:30:23,sitting,48.0,9.3,352.0,Ошибка: Угол ног в кресле
14:30:23,sitting,48.3,9.5,352.0,Ошибка: Угол ног в кресле
14:30:23,sitting,48.3,9.8,352.0,Ошибка: Угол ног в кресле
14:30:23,sitting,42.8,9.8,352.0,Ошибка: Угол ног в кресле
14:30:23,sitting,38.6,9.5,352.0,Ошибка: Угол ног в кресле
14:30:23,sitting,39.0,9.4,352.0,Ошибка: Угол ног в кресле
14:30:23,sitting,39.9,9.2,352.0,Ошибка: Угол ног в кресле
14:30:23,sitting,44.0,9.0,352.0,Ошибка: Угол ног в кресле
14:30:23,sitting,42.7,9.3,352.0,Ошибка: Угол ног в кресле
14:30:23,sitting,55.9,9.0,352.0,Ошибка: Угол ног в кресле
14:30:23,sitting,55.8,9.0,352.0,Ошибка: Угол ног в кресле
14:30:24,sitting,68.1,8.6,352.0,Ошибка: Угол ног в кресле
14:30:24,sitting,86.9,7.3,474.1,Посадка в норме
14:30:24,sitting,105.8,6.5,805.6,Посадка в норме
14:30:24,sitting,114.3,5.2,956.2,Посадка в норме
14:30:24,sitting,137.4,5.8,1361.5,Ошибка: Угол ног в кресле
14:30:24,sitting,148.6,6.0,1559.8,Ошибка: Угол ног в кресле
14:30:24,sitting,151.3,7.1,1606.5,Ошибка: Угол ног в кресле
14:30:24,sitting,158.0,7.9,1725.7,Ошибка: Угол ног в кресле
14:30:24,sitting,157.9,5.0,1723.2,Ошибка: Угол ног в кресле
14:30:24,sitting,155.9,6.1,1687.5,Ошибка: Угол ног в кресле
14:30:24,sitting,156.5,5.7,1698.1,Ошибка: Угол ног в кресле
14:30:24,sitting,154.2,5.8,1658.2,Ошибка: Угол ног в кресле
14:30:24,sitting,155.8,6.4,1685.3,Ошибка: Угол ног в кресле
14:30:24,sitting,150.7,7.9,1596.3,Ошибка: Угол ног в кресле
14:30:24,sitting,128.6,7.7,1207.9,Ошибка: Угол ног в кресле
14:30:24,sitting,111.3,7.5,903.3,Посадка в норме
14:30:24,sitting,112.2,6.6,918.3,Посадка в норме
14:30:24,sitting,114.8,6.9,965.2,Посадка в норме
14:30:24,sitting,121.7,6.0,1086.2,Ошибка: Угол ног в кресле
14:30:25,sitting,151.2,5.6,1605.1,Ошибка: Угол ног в кресле
14:30:25,sitting,170.5,6.1,1575.8,Ошибка: Угол ног в кресле
14:30:25,sitting,174.0,5.2,1513.6,Ошибка: Угол ног в кресле
14:30:25,sitting,174.5,5.9,1504.7,Ошибка: Угол ног в кресле
14:30:25,sitting,169.9,6.0,1585.0,Ошибка: Угол ног в кресле
14:30:25,sitting,162.8,6.8,1710.6,Ошибка: Угол ног в кресле
14:30:25,sitting,157.2,6.7,1711.6,Ошибка: Угол ног в кресле
14:30:25,sitting,148.9,7.5,1564.0,Ошибка: Угол ног в кресле
14:30:25,sitting,149.1,6.6,1567.5,Ошибка: Угол ног в кресле
14:30:25,sitting,153.1,5.7,1639.3,Ошибка: Угол ног в кресле
14:30:25,sitting,127.1,8.5,1181.3,Ошибка: Угол ног в кресле
14:30:25,sitting,107.4,9.0,833.8,Посадка в норме
14:30:25,sitting,99.0,8.7,687.0,Посадка в норме
14:30:25,sitting,63.2,10.0,352.0,Ошибка: Угол ног в кресле
14:30:25,sitting,31.3,9.7,352.0,Ошибка: Угол ног в кресле
14:30:25,sitting,50.3,8.1,352.0,Ошибка: Угол ног в кресле
14:30:25,sitting,63.5,7.3,352.0,Ошибка: Угол ног в кресле
14:30:25,sitting,69.1,7.3,352.0,Ошибка: Угол ног в кресле
14:30:25,sitting,94.6,7.4,608.6,Посадка в норме
14:30:25,sitting,118.5,7.5,1028.8,Ошибка: Угол ног в кресле
14:30:25,sitting,99.3,9.6,691.0,Посадка в норме
14:30:25,sitting,91.6,8.4,555.4,Посадка в норме
14:30:26,sitting,73.3,9.1,352.0,Ошибка: Угол ног в кресле
14:30:26,sitting,48.5,10.1,352.0,Ошибка: Угол ног в кресле
14:30:26,sitting,25.7,10.4,352.0,Ошибка: Угол ног в кресле
14:30:26,sitting,29.0,10.0,352.0,Ошибка: Угол ног в кресле
14:30:26,sitting,17.3,10.1,352.0,Ошибка: Угол ног в кресле
14:30:26,sitting,24.5,8.4,352.0,Ошибка: Угол ног в кресле
14:30:26,sitting,26.4,9.3,352.0,Ошибка: Угол ног в кресле
14:30:26,sitting,26.0,8.7,352.0,Ошибка: Угол ног в кресле
14:30:26,sitting,37.2,8.7,352.0,Ошибка: Угол ног в кресле
14:30:26,sitting,57.1,7.6,352.0,Ошибка: Угол ног в кресле
14:30:26,sitting,68.5,7.5,352.0,Ошибка: Угол ног в кресле
14:30:26,sitting,76.5,7.8,352.0,Посадка в норме
14:30:26,sitting,75.2,8.0,352.0,Посадка в норме
14:30:26,sitting,60.0,9.1,352.0,Ошибка: Угол ног в кресле
14:30:26,sitting,38.2,9.0,352.0,Ошибка: Угол ног в кресле
14:30:27,sitting,18.6,9.5,352.0,Ошибка: Угол ног в кресле
14:30:27,sitting,8.5,9.4,352.0,Ошибка: Угол ног в кресле
14:30:27,sitting,35.9,9.2,352.0,Ошибка: Угол ног в кресле
14:30:27,sitting,37.2,10.1,352.0,Ошибка: Угол ног в кресле
14:30:27,sitting,43.8,10.0,352.0,Ошибка: Угол ног в кресле
14:30:27,sitting,48.8,9.3,352.0,Ошибка: Угол ног в кресле
14:30:27,sitting,69.4,8.4,352.0,Ошибка: Угол ног в кресле
14:30:27,sitting,39.5,9.9,352.0,Ошибка: Угол ног в кресле
14:30:27,sitting,37.7,10.8,352.0,Ошибка: Угол ног в кресле
14:30:27,sitting,33.1,10.7,352.0,Ошибка: Угол ног в кресле
14:30:27,sitting,32.7,10.3,352.0,Ошибка: Угол ног в кресле
14:30:27,sitting,17.9,10.2,352.0,Ошибка: Угол ног в кресле
14:30:27,sitting,18.2,10.2,352.0,Ошибка: Угол ног в кресле
14:30:27,sitting,20.7,10.2,352.0,Ошибка: Угол ног в кресле
14:30:27,sitting,23.3,10.9,352.0,Ошибка: Угол ног в кресле
14:30:27,sitting,18.6,10.3,352.0,Ошибка: Угол ног в кресле
14:30:27,sitting,14.5,10.4,352.0,Ошибка: Угол ног в кресле
14:30:27,sitting,36.3,9.2,352.0,Ошибка: Угол ног в кресле
14:30:27,sitting,40.3,9.5,352.0,Ошибка: Угол ног в кресле
14:30:27,sitting,41.0,10.3,352.0,Ошибка: Угол ног в кресле
14:30:28,sitting,38.1,10.5,352.0,Ошибка: Угол ног в кресле
14:30:28,sitting,38.8,10.7,352.0,Ошибка: Угол ног в кресле
14:30:28,sitting,19.0,11.0,352.0,Ошибка: Угол ног в кресле
14:30:28,sitting,13.5,10.9,352.0,Ошибка: Угол ног в кресле
14:30:28,sitting,8.7,10.5,352.0,Ошибка: Угол ног в кресле
14:30:28,sitting,10.2,9.4,352.0,Ошибка: Угол ног в кресле
14:30:28,sitting,12.3,9.4,352.0,Ошибка: Угол ног в кресле
14:30:28,sitting,9.9,8.6,352.0,Ошибка: Угол ног в кресле
14:30:28,sitting,33.6,8.6,352.0,Ошибка: Угол ног в кресле
14:30:28,sitting,34.2,9.1,352.0,Ошибка: Угол ног в кресле
14:30:28,sitting,49.4,8.9,352.0,Ошибка: Угол ног в кресле
14:30:28,sitting,44.9,9.5,352.0,Ошибка: Угол ног в кресле
14:30:28,sitting,53.9,10.9,352.0,Ошибка: Угол ног в кресле
14:30:28,sitting,34.1,11.5,352.0,Ошибка: Угол ног в кресле
14:30:28,sitting,46.1,11.4,352.0,Ошибка: Угол ног в кресле
14:30:28,sitting,34.4,11.4,352.0,Ошибка: Угол ног в кресле
14:30:28,sitting,39.4,11.5,352.0,Ошибка: Угол ног в кресле
14:30:28,sitting,39.0,11.0,352.0,Ошибка: Угол ног в кресле
14:30:28,sitting,36.9,11.0,352.0,Ошибка: Угол ног в кресле
14:30:28,sitting,32.9,11.1,352.0,Ошибка: Угол ног в кресле
14:30:28,sitting,30.2,10.5,352.0,Ошибка: Угол ног в кресле
14:30:29,sitting,29.7,10.4,352.0,Ошибка: Угол ног в кресле
14:30:29,sitting,21.8,10.0,352.0,Ошибка: Угол ног в кресле
14:30:29,sitting,50.8,7.3,352.0,Ошибка: Угол ног в кресле
14:30:29,sitting,44.9,7.9,352.0,Ошибка: Угол ног в кресле
14:30:29,sitting,70.6,8.2,352.0,Ошибка: Угол ног в кресле
14:30:29,sitting,97.5,8.1,659.5,Посадка в норме
14:30:29,sitting,130.8,7.9,1245.3,Ошибка: Угол ног в кресле
14:30:29,sitting,130.4,8.0,1239.4,Ошибка: Угол ног в кресле
14:30:29,sitting,157.4,8.2,1714.1,Ошибка: Угол ног в кресле
14:30:29,sitting,157.4,8.1,1713.4,Ошибка: Угол ног в кресле
14:30:29,sitting,149.0,8.1,1566.7,Ошибка: Угол ног в кресле
14:30:29,sitting,139.8,8.1,1404.2,Ошибка: Угол ног в кресле
14:30:29,sitting,110.9,4.6,896.6,Посадка в норме
14:30:29,sitting,86.1,4.3,458.7,Посадка в норме
14:30:29,sitting,56.8,6.3,352.0,Ошибка: Угол ног в кресле
14:30:29,sitting,34.1,8.0,352.0,Ошибка: Угол ног в кресле
14:30:29,sitting,12.3,8.7,352.0,Ошибка: Угол ног в кресле
14:30:29,sitting,17.6,9.0,352.0,Ошибка: Угол ног в кресле
14:30:29,sitting,23.2,9.3,352.0,Ошибка: Угол ног в кресле
14:30:29,sitting,33.8,9.8,352.0,Ошибка: Угол ног в кресле
14:30:29,sitting,42.4,9.6,352.0,Ошибка: Угол ног в кресле
14:30:30,sitting,48.7,9.9,352.0,Ошибка: Угол ног в кресле
14:30:30,sitting,50.2,9.8,352.0,Ошибка: Угол ног в кресле
14:30:30,sitting,44.2,9.7,352.0,Ошибка: Угол ног в кресле
14:30:30,sitting,37.5,9.7,352.0,Ошибка: Угол ног в кресле
14:30:30,sitting,34.7,9.6,352.0,Ошибка: Угол ног в кресле
14:30:30,sitting,32.0,9.6,352.0,Ошибка: Угол ног в кресле
14:30:30,sitting,27.4,9.5,352.0,Ошибка: Угол ног в кресле
14:30:30,sitting,31.4,9.6,352.0,Ошибка: Угол ног в кресле
14:30:30,sitting,36.3,9.4,352.0,Ошибка: Угол ног в кресле
14:30:30,sitting,36.4,9.5,352.0,Ошибка: Угол ног в кресле
14:30:30,sitting,35.5,9.8,352.0,Ошибка: Угол ног в кресле
14:30:30,sitting,44.1,9.9,352.0,Ошибка: Угол ног в кресле
14:30:30,sitting,50.8,9.7,352.0,Ошибка: Угол ног в кресле
14:30:30,sitting,56.0,9.9,352.0,Ошибка: Угол ног в кресле
14:30:30,sitting,63.1,9.8,352.0,Ошибка: Угол ног в кресле
14:30:30,sitting,70.1,9.9,352.0,Ошибка: Угол ног в кресле
14:30:30,sitting,61.2,10.2,352.0,Ошибка: Угол ног в кресле
14:30:30,sitting,48.1,10.2,352.0,Ошибка: Угол ног в кресле
14:30:30,sitting,52.3,10.0,352.0,Ошибка: Угол ног в кресле
14:30:30,sitting,54.3,9.9,352.0,Ошибка: Угол ног в кресле
14:30:30,sitting,59.5,9.9,352.0,Ошибка: Угол ног в кресле
14:30:30,sitting,71.7,9.6,352.0,Ошибка: Угол ног в кресле
14:30:31,sitting,78.2,9.7,352.0,Посадка в норме
14:30:31,sitting,83.8,9.0,419.4,Посадка в норме
14:30:31,sitting,90.9,8.7,543.2,Посадка в норме
14:30:31,sitting,73.0,9.0,352.0,Ошибка: Угол ног в кресле
14:30:31,sitting,60.7,9.6,352.0,Ошибка: Угол ног в кресле
14:30:31,sitting,52.8,9.5,352.0,Ошибка: Угол ног в кресле
14:30:31,sitting,30.5,9.8,352.0,Ошибка: Угол ног в кресле
14:30:31,sitting,7.9,9.7,352.0,Ошибка: Угол ног в кресле
14:30:31,sitting,8.8,9.7,352.0,Ошибка: Угол ног в кресле
14:30:31,sitting,4.2,9.7,352.0,Ошибка: Угол ног в кресле
14:30:31,sitting,5.1,9.9,352.0,Ошибка: Угол ног в кресле
14:30:31,sitting,17.6,9.8,352.0,Ошибка: Угол ног в кресле
14:30:31,sitting,30.2,9.8,352.0,Ошибка: Угол ног в кресле
14:30:31,sitting,39.8,9.8,352.0,Ошибка: Угол ног в кресле
14:30:31,sitting,51.5,10.0,352.0,Ошибка: Угол ног в кресле
14:30:31,sitting,60.7,10.1,352.0,Ошибка: Угол ног в кресле
14:30:31,sitting,57.4,10.1,352.0,Ошибка: Угол ног в кресле
14:30:31,sitting,53.7,10.3,352.0,Ошибка: Угол ног в кресле
14:30:31,sitting,56.9,10.3,352.0,Ошибка: Угол ног в кресле
14:30:31,sitting,58.1,10.3,352.0,Ошибка: Угол ног в кресле
14:30:31,sitting,63.2,10.1,352.0,Ошибка: Угол ног в кресле
14:30:32,sitting,66.9,10.1,352.0,Ошибка: Угол ног в кресле
14:30:32,sitting,75.0,10.1,352.0,Ошибка: Угол ног в кресле
14:30:32,sitting,80.3,10.0,357.2,Посадка в норме
14:30:32,sitting,80.0,10.1,352.4,Посадка в норме
14:30:32,sitting,81.4,9.9,376.0,Посадка в норме
14:30:32,sitting,83.4,10.0,411.1,Посадка в норме
14:30:32,sitting,83.2,10.4,408.1,Посадка в норме
14:30:32,sitting,77.0,10.6,352.0,Посадка в норме
14:30:32,sitting,73.5,10.7,352.0,Ошибка: Угол ног в кресле
14:30:32,sitting,78.2,10.0,352.0,Посадка в норме
14:30:32,sitting,75.7,10.3,352.0,Посадка в норме
14:30:32,sitting,77.7,10.3,352.0,Посадка в норме
14:30:32,sitting,84.9,10.1,438.5,Посадка в норме
14:30:32,sitting,84.6,10.2,432.4,Посадка в норме
14:30:32,sitting,74.4,10.4,352.0,Ошибка: Угол ног в кресле
14:30:32,sitting,81.1,10.0,371.2,Посадка в норме
14:30:32,sitting,81.6,10.1,380.5,Посадка в норме
14:30:32,sitting,76.0,10.1,352.0,Посадка в норме
14:30:32,sitting,86.9,10.1,473.2,Посадка в норме
14:30:32,sitting,91.8,10.1,559.9,Посадка в норме
14:30:32,sitting,91.1,10.0,547.4,Посадка в норме
14:30:32,sitting,89.6,10.2,520.3,Посадка в норме
14:30:33,sitting,90.6,10.2,538.7,Посадка в норме
14:30:33,sitting,87.3,10.7,480.6,Посадка в норме
14:30:33,sitting,86.8,10.6,472.0,Посадка в норме
14:30:33,sitting,83.3,10.5,410.7,Посадка в норме
14:30:33,sitting,83.0,10.6,404.6,Посадка в норме
14:30:33,sitting,86.0,10.6,457.4,Посадка в норме
14:30:33,sitting,88.4,10.5,500.3,Посадка в норме
14:30:33,sitting,96.3,10.5,638.8,Посадка в норме
14:30:33,sitting,99.5,10.4,695.6,Посадка в норме
14:30:33,sitting,100.2,10.4,706.8,Посадка в норме
14:30:33,sitting,99.8,10.4,700.0,Посадка в норме
14:30:33,sitting,97.3,10.5,656.8,Посадка в норме
14:30:33,sitting,91.9,10.5,560.9,Посадка в норме
14:30:33,sitting,91.0,10.5,545.2,Посадка в норме
14:30:34,sitting,89.0,10.5,510.4,Посадка в норме
14:30:34,sitting,81.1,10.4,372.1,Посадка в норме
14:30:34,sitting,80.6,10.2,362.2,Посадка в норме
14:30:34,sitting,77.7,10.3,352.0,Посадка в норме
14:30:34,sitting,71.7,10.3,352.0,Ошибка: Угол ног в кресле
14:30:34,sitting,66.7,10.4,352.0,Ошибка: Угол ног в кресле
14:30:34,sitting,69.8,10.6,352.0,Ошибка: Угол ног в кресле
14:30:34,sitting,65.6,10.9,352.0,Ошибка: Угол ног в кресле
14:30:34,sitting,69.7,10.8,352.0,Ошибка: Угол ног в кресле
14:30:34,sitting,76.6,10.7,352.0,Посадка в норме
14:30:34,sitting,83.9,10.8,420.4,Посадка в норме
14:30:34,sitting,92.1,10.8,565.1,Посадка в норме
14:30:34,sitting,87.3,10.8,481.3,Посадка в норме
14:30:34,sitting,76.4,11.0,352.0,Посадка в норме
14:30:34,sitting,72.1,11.0,352.0,Ошибка: Угол ног в кресле
14:30:35,sitting,70.8,11.0,352.0,Ошибка: Угол ног в кресле
14:30:35,sitting,70.3,10.4,352.0,Ошибка: Угол ног в кресле
14:30:35,sitting,83.3,10.5,409.5,Посадка в норме
14:30:35,sitting,89.3,10.4,516.2,Посадка в норме
14:30:35,sitting,98.5,10.5,678.3,Посадка в норме
14:30:35,sitting,99.0,10.7,687.0,Посадка в норме
14:30:35,sitting,96.3,10.5,639.7,Посадка в норме
14:30:35,sitting,97.7,10.6,663.7,Посадка в норме
14:30:35,sitting,107.8,10.0,841.0,Посадка в норме
14:30:35,sitting,102.9,10.1,755.5,Посадка в норме
14:30:35,sitting,114.4,10.2,958.1,Посадка в норме
14:30:35,sitting,123.7,10.5,1120.8,Ошибка: Угол ног в кресле
14:30:35,sitting,127.5,10.2,1187.7,Ошибка: Угол ног в кресле
14:30:35,sitting,127.9,9.9,1194.9,Ошибка: Угол ног в кресле
14:30:35,sitting,129.1,10.0,1216.8,Ошибка: Угол ног в кресле
14:30:36,sitting,115.7,10.1,980.6,Ошибка: Угол ног в кресле
14:30:36,sitting,110.7,10.1,891.9,Посадка в норме
14:30:36,sitting,110.5,10.0,889.1,Посадка в норме
14:30:36,sitting,107.9,10.0,842.8,Посадка в норме
14:30:36,sitting,108.0,9.8,844.2,Посадка в норме
14:30:36,sitting,114.0,9.8,950.3,Посадка в норме
14:30:36,sitting,110.8,10.0,894.8,Посадка в норме
14:30:36,sitting,105.6,9.9,801.8,Посадка в норме
14:30:36,sitting,97.1,9.6,652.2,Посадка в норме
14:30:36,sitting,92.5,9.6,572.8,Посадка в норме
14:30:36,sitting,92.5,9.7,571.3,Посадка в норме
14:30:36,sitting,91.9,9.8,561.4,Посадка в норме
14:30:36,sitting,95.8,9.8,629.7,Посадка в норме
14:30:36,sitting,100.7,10.1,716.4,Посадка в норме
14:30:37,sitting,103.6,10.2,766.8,Посадка в норме
14:30:37,sitting,105.9,10.1,807.7,Посадка в норме
14:30:37,sitting,114.0,10.1,949.8,Посадка в норме
14:30:37,sitting,117.7,10.1,1015.0,Ошибка: Угол ног в кресле
14:30:37,sitting,125.8,10.1,1158.2,Ошибка: Угол ног в кресле
14:30:37,sitting,133.6,10.1,1296.1,Ошибка: Угол ног в кресле
14:30:37,sitting,132.6,10.0,1277.7,Ошибка: Угол ног в кресле
14:30:37,sitting,131.4,9.9,1257.4,Ошибка: Угол ног в кресле
14:30:37,sitting,130.7,9.8,1244.9,Ошибка: Угол ног в кресле
14:30:37,sitting,129.1,9.8,1216.5,Ошибка: Угол ног в кресле
14:30:37,sitting,131.1,9.7,1251.8,Ошибка: Угол ног в кресле
14:30:37,sitting,130.7,9.7,1245.0,Ошибка: Угол ног в кресле
14:30:37,sitting,131.9,9.7,1264.7,Ошибка: Угол ног в кресле
14:30:37,sitting,130.6,9.6,1242.0,Ошибка: Угол ног в кресле
14:30:37,sitting,129.6,9.7,1225.0,Ошибка: Угол ног в кресле
14:30:37,sitting,123.8,9.6,1122.6,Ошибка: Угол ног в кресле
14:30:38,sitting,126.2,9.1,1164.8,Ошибка: Угол ног в кресле
14:30:38,sitting,121.3,9.2,1079.5,Ошибка: Угол ног в кресле
14:30:38,sitting,125.7,9.1,1155.4,Ошибка: Угол ног в кресле
14:30:38,sitting,127.5,9.4,1187.3,Ошибка: Угол ног в кресле
14:30:38,sitting,128.0,9.4,1196.2,Ошибка: Угол ног в кресле
14:30:38,sitting,129.0,9.4,1214.1,Ошибка: Угол ног в кресле
14:30:38,sitting,132.8,9.4,1281.9,Ошибка: Угол ног в кресле
14:30:38,sitting,128.8,9.5,1211.2,Ошибка: Угол ног в кресле
14:30:38,sitting,127.2,9.5,1182.4,Ошибка: Угол ног в кресле
14:30:38,sitting,130.7,9.1,1245.1,Ошибка: Угол ног в кресле
14:30:38,sitting,128.4,9.2,1204.6,Ошибка: Угол ног в кресле
14:30:38,sitting,127.2,9.2,1183.5,Ошибка: Угол ног в кресле
14:30:38,sitting,125.3,9.1,1149.1,Ошибка: Угол ног в кресле
14:30:38,sitting,124.2,9.1,1129.2,Ошибка: Угол ног в кресле
14:30:38,sitting,114.8,8.9,964.6,Посадка в норме
14:30:38,sitting,114.1,8.7,952.7,Посадка в норме
14:30:39,sitting,112.7,8.5,927.8,Посадка в норме
14:30:39,sitting,113.0,8.4,932.9,Посадка в норме
14:30:39,sitting,115.3,8.6,972.5,Ошибка: Угол ног в кресле
14:30:39,sitting,124.3,8.8,1131.4,Ошибка: Угол ног в кресле
14:30:39,sitting,123.4,8.8,1115.4,Ошибка: Угол ног в кресле
14:30:39,sitting,120.7,8.9,1069.0,Ошибка: Угол ног в кресле
14:30:39,sitting,115.3,9.0,973.1,Ошибка: Угол ног в кресле
14:30:39,sitting,115.7,9.2,980.1,Ошибка: Угол ног в кресле
14:30:39,sitting,111.7,9.2,910.5,Посадка в норме
14:30:39,sitting,110.4,9.3,886.4,Посадка в норме
14:30:39,sitting,111.4,9.2,905.0,Посадка в норме
14:30:39,sitting,113.1,9.4,933.8,Посадка в норме
14:30:39,sitting,103.4,9.5,763.1,Посадка в норме
14:30:39,sitting,95.5,9.6,624.7,Посадка в норме
14:30:39,sitting,87.8,9.8,490.1,Посадка в норме
14:30:39,sitting,73.2,10.1,352.0,Ошибка: Угол ног в кресле
14:30:40,sitting,63.5,10.3,352.0,Ошибка: Угол ног в кресле
14:30:40,sitting,62.0,10.1,352.0,Ошибка: Угол ног в кресле
14:30:40,sitting,68.6,9.9,352.0,Ошибка: Угол ног в кресле
14:30:40,sitting,77.1,9.6,352.0,Посадка в норме
14:30:40,sitting,88.7,9.9,504.6,Посадка в норме
14:30:40,sitting,97.1,10.0,653.3,Посадка в норме
14:30:40,sitting,98.4,10.0,676.1,Посадка в норме
14:30:40,sitting,92.9,9.9,579.4,Посадка в норме
14:30:40,sitting,86.7,9.8,470.2,Посадка в норме
14:30:40,sitting,82.1,9.9,389.1,Посадка в норме
14:30:40,sitting,79.6,9.9,352.0,Посадка в норме
14:30:40,sitting,81.9,9.9,385.0,Посадка в норме
14:30:40,sitting,80.1,9.8,354.2,Посадка в норме
14:30:40,sitting,81.7,9.8,382.2,Посадка в норме
14:30:40,sitting,85.1,9.8,442.4,Посадка в норме
14:30:40,sitting,81.3,9.8,375.6,Посадка в норме
14:30:41,sitting,77.9,9.8,352.0,Посадка в норме
14:30:41,sitting,76.2,9.6,352.0,Посадка в норме
14:30:41,sitting,79.1,9.6,352.0,Посадка в норме
14:30:41,sitting,68.3,9.8,352.0,Ошибка: Угол ног в кресле
14:30:41,sitting,64.4,9.8,352.0,Ошибка: Угол ног в кресле
14:30:41,sitting,69.5,9.8,352.0,Ошибка: Угол ног в кресле
14:30:41,sitting,80.6,9.6,362.9,Посадка в норме
14:30:41,sitting,85.6,9.5,450.5,Посадка в норме
14:30:41,sitting,106.5,9.4,817.7,Посадка в норме
14:30:41,sitting,116.6,9.6,996.1,Ошибка: Угол ног в кресле
14:30:41,sitting,116.9,9.7,1002.2,Ошибка: Угол ног в кресле
14:30:41,sitting,115.7,9.7,980.8,Ошибка: Угол ног в кресле
14:30:41,sitting,106.1,9.6,810.6,Посадка в норме
14:30:41,sitting,95.8,9.6,630.5,Посадка в норме
14:30:42,sitting,102.8,9.6,753.8,Посадка в норме
14:30:42,sitting,105.3,9.6,797.0,Посадка в норме
14:30:42,sitting,104.2,9.6,778.0,Посадка в норме
14:30:42,sitting,111.8,9.6,911.6,Посадка в норме
14:30:42,sitting,113.0,9.6,932.3,Посадка в норме
14:30:42,sitting,103.2,9.9,760.6,Посадка в норме
14:30:42,sitting,90.7,9.7,540.6,Посадка в норме
14:30:42,sitting,81.3,10.4,374.7,Посадка в норме
14:30:42,sitting,70.5,10.8,352.0,Ошибка: Угол ног в кресле
14:30:42,sitting,67.3,10.8,352.0,Ошибка: Угол ног в кресле
14:30:42,sitting,76.9,10.9,352.0,Посадка в норме
14:30:42,sitting,90.0,10.7,527.3,Посадка в норме
14:30:42,sitting,101.0,10.6,721.1,Посадка в норме
14:30:42,sitting,111.9,10.5,913.3,Посадка в норме
14:30:42,sitting,118.3,10.3,1025.6,Ошибка: Угол ног в кресле
14:30:42,sitting,117.9,9.9,1019.6,Ошибка: Угол ног в кресле
14:30:43,sitting,122.1,9.9,1093.0,Ошибка: Угол ног в кресле
14:30:43,sitting,126.0,9.8,1161.0,Ошибка: Угол ног в кресле
14:30:43,sitting,129.9,9.1,1230.4,Ошибка: Угол ног в кресле
14:30:43,sitting,136.4,9.0,1343.8,Ошибка: Угол ног в кресле
14:30:43,sitting,140.7,9.0,1421.0,Ошибка: Угол ног в кресле
14:30:43,sitting,140.4,9.1,1415.9,Ошибка: Угол ног в кресле
14:30:43,sitting,140.3,9.3,1414.0,Ошибка: Угол ног в кресле
14:30:43,sitting,137.2,9.4,1358.5,Ошибка: Угол ног в кресле
14:30:43,sitting,128.1,9.8,1197.7,Ошибка: Угол ног в кресле
14:30:43,sitting,118.6,9.7,1032.1,Ошибка: Угол ног в кресле
14:30:43,sitting,115.2,9.8,971.2,Ошибка: Угол ног в кресле
14:30:43,sitting,109.6,9.8,872.2,Посадка в норме
14:30:43,sitting,99.6,10.4,697.6,Посадка в норме
14:30:43,sitting,102.4,10.4,746.3,Посадка в норме
14:30:43,sitting,108.7,10.0,856.3,Посадка в норме
14:30:44,sitting,108.1,10.0,846.8,Посадка в норме
14:30:44,sitting,110.8,10.0,893.5,Посадка в норме
14:30:44,sitting,119.3,9.7,1043.3,Ошибка: Угол ног в кресле
14:30:44,sitting,120.8,9.8,1069.8,Ошибка: Угол ног в кресле
14:30:44,sitting,117.5,10.1,1011.4,Ошибка: Угол ног в кресле
14:30:44,sitting,118.6,9.9,1030.9,Ошибка: Угол ног в кресле
14:30:44,sitting,112.4,9.8,922.0,Посадка в норме
14:30:44,sitting,106.7,9.9,821.7,Посадка в норме
14:30:44,sitting,102.1,9.7,741.0,Посадка в норме
14:30:44,sitting,97.8,9.9,664.7,Посадка в норме
14:30:44,sitting,90.1,9.9,529.2,Посадка в норме
14:30:44,sitting,90.3,9.9,533.2,Посадка в норме
14:30:44,sitting,95.5,9.0,625.5,Посадка в норме
14:30:44,sitting,96.9,9.1,649.1,Посадка в норме
14:30:45,sitting,102.7,9.0,751.3,Посадка в норме
14:30:45,sitting,108.8,9.7,858.8,Посадка в норме
14:30:45,sitting,115.2,9.6,971.7,Ошибка: Угол ног в кресле
14:30:45,sitting,108.5,9.7,852.9,Посадка в норме
14:30:45,sitting,107.2,9.7,831.0,Посадка в норме
14:30:45,sitting,98.5,10.0,678.1,Посадка в норме
14:30:45,sitting,96.2,9.6,637.5,Посадка в норме
14:30:45,sitting,94.5,10.0,606.5,Посадка в норме
14:30:45,sitting,98.9,10.0,684.6,Посадка в норме
14:30:45,sitting,106.1,9.2,812.1,Посадка в норме
14:30:45,sitting,106.1,9.5,811.6,Посадка в норме
14:30:45,sitting,107.4,9.4,834.4,Посадка в норме
14:30:45,sitting,104.1,9.5,776.2,Посадка в норме
14:30:45,sitting,100.5,8.9,713.1,Посадка в норме
14:30:45,sitting,91.6,8.8,556.0,Посадка в норме
14:30:46,sitting,90.7,9.3,540.7,Посадка в норме
14:30:46,sitting,81.5,9.3,378.4,Посадка в норме
14:30:46,sitting,74.4,9.4,352.0,Ошибка: Угол ног в кресле
14:30:46,sitting,79.5,9.4,352.0,Посадка в норме
14:30:46,sitting,80.6,9.4,363.0,Посадка в норме
14:30:46,sitting,74.6,9.5,352.0,Ошибка: Угол ног в кресле
14:30:46,sitting,82.0,9.4,386.4,Посадка в норме
14:30:46,sitting,83.3,9.5,410.0,Посадка в норме
14:30:46,sitting,78.4,9.5,352.0,Посадка в норме
14:30:46,sitting,76.6,9.6,352.0,Посадка в норме
14:30:46,sitting,81.6,10.0,380.7,Посадка в норме
14:30:46,sitting,79.1,9.6,352.0,Посадка в норме
14:30:46,sitting,89.2,9.8,513.4,Посадка в норме
14:30:46,sitting,94.9,9.5,613.6,Посадка в норме
14:30:46,sitting,100.6,9.4,714.2,Посадка в норме
14:30:47,sitting,103.7,9.8,769.3,Посадка в норме
14:30:47,sitting,106.1,9.7,811.5,Посадка в норме
14:30:47,sitting,106.0,9.7,810.4,Посадка в норме
14:30:47,sitting,107.5,9.8,836.7,Посадка в норме
14:30:47,sitting,108.9,9.8,860.5,Посадка в норме
14:30:47,sitting,114.5,9.8,959.9,Посадка в норме
14:30:47,sitting,112.6,9.8,926.1,Посадка в норме
14:30:47,sitting,110.5,9.9,888.7,Посадка в норме
14:30:47,sitting,111.0,9.8,897.6,Посадка в норме
14:30:47,sitting,110.6,9.7,889.9,Посадка в норме
14:30:47,sitting,110.4,9.6,886.9,Посадка в норме
14:30:47,sitting,114.1,9.3,951.5,Посадка в норме
14:30:47,sitting,114.4,9.4,957.8,Посадка в норме
14:30:47,sitting,109.3,9.5,868.5,Посадка в норме
14:30:47,sitting,110.9,9.5,895.5,Посадка в норме
14:30:47,sitting,114.0,9.5,950.1,Посадка в норме
14:30:48,sitting,111.8,9.6,911.2,Посадка в норме
14:30:48,sitting,107.7,9.6,840.0,Посадка в норме
14:30:48,sitting,107.6,9.5,837.9,Посадка в норме
14:30:48,sitting,104.1,9.7,775.4,Посадка в норме
14:30:48,sitting,100.0,9.7,703.6,Посадка в норме
14:30:48,sitting,103.8,8.8,771.6,Посадка в норме
14:30:48,sitting,110.9,9.0,896.2,Посадка в норме
14:30:48,sitting,115.1,9.2,969.0,Ошибка: Угол ног в кресле
14:30:48,sitting,113.2,9.4,935.8,Посадка в норме
14:30:48,sitting,102.2,9.6,743.1,Посадка в норме
14:30:48,sitting,89.4,9.9,518.0,Посадка в норме
14:30:48,sitting,82.3,10.6,393.0,Посадка в норме
14:30:48,sitting,83.4,9.8,412.3,Посадка в норме
14:30:48,sitting,87.8,9.8,489.4,Посадка в норме
14:30:48,sitting,91.3,10.0,551.4,Посадка в норме
14:30:48,sitting,102.9,10.0,755.9,Посадка в норме
14:30:49,sitting,104.6,9.7,785.6,Посадка в норме
14:30:49,sitting,98.2,9.6,671.4,Посадка в норме
14:30:49,sitting,94.1,9.7,600.6,Посадка в норме
14:30:49,sitting,100.0,9.9,704.0,Посадка в норме
14:30:49,sitting,95.0,9.9,616.1,Посадка в норме
14:30:49,sitting,90.3,9.9,533.7,Посадка в норме
14:30:49,sitting,86.2,10.1,461.8,Посадка в норме
14:30:49,sitting,84.7,9.4,434.3,Посадка в норме
14:30:49,sitting,82.6,9.3,397.3,Посадка в норме
14:30:49,sitting,87.8,10.2,489.6,Посадка в норме
14:30:49,sitting,97.5,10.2,659.3,Посадка в норме
14:30:49,sitting,101.8,10.3,735.8,Посадка в норме
14:30:49,sitting,103.3,9.9,761.9,Посадка в норме
14:30:49,sitting,106.8,10.2,823.2,Посадка в норме
14:30:49,sitting,111.3,10.4,902.1,Посадка в норме
14:30:50,sitting,116.6,10.1,995.4,Ошибка: Угол ног в кресле
14:30:50,sitting,128.7,9.7,1209.8,Ошибка: Угол ног в кресле
14:30:50,sitting,139.7,8.6,1402.3,Ошибка: Угол ног в кресле
14:30:50,sitting,146.0,8.6,1514.4,Ошибка: Угол ног в кресле
14:30:50,sitting,143.7,9.0,1473.1,Ошибка: Угол ног в кресле
14:30:50,sitting,137.1,9.0,1357.0,Ошибка: Угол ног в кресле
14:30:50,sitting,131.7,9.4,1261.8,Ошибка: Угол ног в кресле
14:30:50,sitting,134.3,8.7,1307.8,Ошибка: Угол ног в кресле
14:30:50,sitting,138.1,8.0,1375.0,Ошибка: Угол ног в кресле
14:30:50,sitting,143.1,8.0,1462.5,Ошибка: Угол ног в кресле
14:30:50,sitting,149.9,7.9,1582.5,Ошибка: Угол ног в кресле
14:30:50,sitting,154.8,8.4,1668.7,Ошибка: Угол ног в кресле
14:30:50,sitting,145.7,9.1,1509.1,Ошибка: Угол ног в кресле
14:30:50,sitting,123.9,9.1,1125.2,Ошибка: Угол ног в кресле
14:30:50,sitting,104.2,9.6,778.4,Посадка в норме
14:30:50,sitting,89.3,9.5,516.2,Посадка в норме
14:30:51,sitting,74.5,9.3,352.0,Ошибка: Угол ног в кресле
14:30:51,sitting,51.5,7.6,352.0,Ошибка: Угол ног в кресле
14:30:51,sitting,68.5,6.8,352.0,Ошибка: Угол ног в кресле
14:30:51,sitting,75.0,7.3,352.0,Ошибка: Угол ног в кресле
14:30:51,sitting,65.9,8.5,352.0,Ошибка: Угол ног в кресле
14:30:51,sitting,61.9,9.0,352.0,Ошибка: Угол ног в кресле
14:30:51,sitting,95.9,7.5,631.7,Посадка в норме
14:30:51,sitting,101.7,5.8,733.4,Посадка в норме
14:30:51,sitting,112.2,5.5,918.5,Посадка в норме
14:30:51,sitting,112.2,6.2,919.2,Посадка в норме
14:30:51,sitting,106.2,6.6,812.7,Посадка в норме
14:30:51,sitting,76.2,7.5,352.0,Посадка в норме
14:30:51,sitting,61.6,7.5,352.0,Ошибка: Угол ног в кресле
14:30:51,sitting,44.1,8.6,352.0,Ошибка: Угол ног в кресле
14:30:51,sitting,56.9,8.8,352.0,Ошибка: Угол ног в кресле
14:30:52,sitting,65.9,8.3,352.0,Ошибка: Угол ног в кресле
14:30:52,sitting,69.4,9.3,352.0,Ошибка: Угол ног в кресле
14:30:52,sitting,66.5,10.4,352.0,Ошибка: Угол ног в кресле
14:30:52,sitting,77.0,10.1,352.0,Посадка в норме
14:30:52,sitting,78.9,9.9,352.0,Посадка в норме
14:30:52,sitting,91.0,10.3,545.7,Посадка в норме
14:30:52,sitting,110.9,10.1,896.0,Посадка в норме
14:30:52,sitting,118.1,10.2,1022.2,Ошибка: Угол ног в кресле
14:30:52,sitting,125.3,10.0,1148.5,Ошибка: Угол ног в кресле
14:30:52,sitting,108.8,9.5,859.0,Посадка в норме
14:30:52,sitting,107.4,9.5,833.5,Посадка в норме
14:30:52,sitting,79.8,8.5,352.0,Посадка в норме
14:30:52,sitting,57.3,8.0,352.0,Ошибка: Угол ног в кресле
14:30:52,sitting,33.0,8.0,352.0,Ошибка: Угол ног в кресле
14:30:52,sitting,33.7,7.8,352.0,Ошибка: Угол ног в кресле
14:30:53,sitting,15.3,8.2,352.0,Ошибка: Угол ног в кресле
14:30:53,sitting,19.9,7.0,352.0,Ошибка: Угол ног в кресле
14:30:53,sitting,39.4,8.1,352.0,Ошибка: Угол ног в кресле
14:30:53,sitting,45.2,7.1,352.0,Ошибка: Угол ног в кресле
14:30:53,sitting,43.9,7.5,352.0,Ошибка: Угол ног в кресле
14:30:53,sitting,43.7,8.1,352.0,Ошибка: Угол ног в кресле
14:30:53,sitting,45.9,9.0,352.0,Ошибка: Угол ног в кресле
14:30:53,sitting,53.9,9.1,352.0,Ошибка: Угол ног в кресле
14:30:53,sitting,48.0,9.1,352.0,Ошибка: Угол ног в кресле
14:30:53,sitting,57.4,8.6,352.0,Ошибка: Угол ног в кресле
14:30:53,sitting,52.4,8.6,352.0,Ошибка: Угол ног в кресле
14:30:53,sitting,45.3,7.9,352.0,Ошибка: Угол ног в кресле
14:30:53,sitting,19.1,8.1,352.0,Ошибка: Угол ног в кресле
14:30:53,sitting,19.2,7.8,352.0,Ошибка: Угол ног в кресле
14:30:53,sitting,11.6,8.6,352.0,Ошибка: Угол ног в кресле
14:30:54,sitting,29.7,10.1,352.0,Ошибка: Угол ног в кресле
14:30:54,sitting,30.7,10.0,352.0,Ошибка: Угол ног в кресле
14:30:54,sitting,34.7,10.0,352.0,Ошибка: Угол ног в кресле
14:30:54,sitting,34.6,10.5,352.0,Ошибка: Угол ног в кресле
14:30:54,sitting,31.3,10.3,352.0,Ошибка: Угол ног в кресле
14:30:54,sitting,16.7,10.0,352.0,Ошибка: Угол ног в кресле
14:30:54,sitting,19.1,10.1,352.0,Ошибка: Угол ног в кресле
14:30:54,sitting,16.2,9.1,352.0,Ошибка: Угол ног в кресле
14:30:54,sitting,16.4,9.0,352.0,Ошибка: Угол ног в кресле
14:30:54,sitting,14.7,9.0,352.0,Ошибка: Угол ног в кресле
14:30:54,sitting,11.6,9.0,352.0,Ошибка: Угол ног в кресле
14:30:54,sitting,8.1,8.6,352.0,Ошибка: Угол ног в кресле
14:30:54,sitting,7.8,8.6,352.0,Ошибка: Угол ног в кресле
14:30:54,sitting,21.6,8.8,352.0,Ошибка: Угол ног в кресле
14:30:54,sitting,30.8,8.9,352.0,Ошибка: Угол ног в кресле
14:30:55,sitting,43.3,9.5,352.0,Ошибка: Угол ног в кресле
14:30:55,sitting,69.3,9.9,352.0,Ошибка: Угол ног в кресле
14:30:55,sitting,74.8,10.0,352.0,Ошибка: Угол ног в кресле
14:30:55,sitting,75.9,10.1,352.0,Посадка в норме
14:30:55,sitting,80.0,10.1,352.6,Посадка в норме
14:30:55,sitting,82.5,9.9,396.6,Посадка в норме
14:30:55,sitting,59.0,10.2,352.0,Ошибка: Угол ног в кресле
14:30:55,sitting,56.6,10.1,352.0,Ошибка: Угол ног в кресле
14:30:55,sitting,42.5,10.0,352.0,Ошибка: Угол ног в кресле
14:30:55,sitting,29.1,8.6,352.0,Ошибка: Угол ног в кресле
14:30:55,sitting,13.8,8.0,352.0,Ошибка: Угол ног в кресле
14:30:55,sitting,28.4,7.9,352.0,Ошибка: Угол ног в кресле
14:30:55,sitting,23.5,9.2,352.0,Ошибка: Угол ног в кресле
14:30:55,sitting,19.8,9.5,352.0,Ошибка: Угол ног в кресле
14:30:55,sitting,19.6,9.7,352.0,Ошибка: Угол ног в кресле
14:30:56,sitting,20.7,8.6,352.0,Ошибка: Угол ног в кресле
14:30:56,sitting,9.7,8.9,352.0,Ошибка: Угол ног в кресле
14:30:56,sitting,40.1,8.6,352.0,Ошибка: Угол ног в кресле
14:30:56,sitting,62.3,9.3,352.0,Ошибка: Угол ног в кресле
14:30:56,sitting,64.9,9.0,352.0,Ошибка: Угол ног в кресле
14:30:56,sitting,91.8,9.1,559.9,Посадка в норме
14:30:56,sitting,113.9,9.1,949.5,Посадка в норме
14:30:56,sitting,111.9,8.4,912.7,Посадка в норме
14:30:56,sitting,118.9,8.7,1036.6,Ошибка: Угол ног в кресле
14:30:56,sitting,143.7,8.7,1473.5,Ошибка: Угол ног в кресле
14:30:56,sitting,142.3,8.7,1448.5,Ошибка: Угол ног в кресле
14:30:56,sitting,141.2,9.1,1428.2,Ошибка: Угол ног в кресле
14:30:56,sitting,141.1,9.2,1427.2,Ошибка: Угол ног в кресле
14:30:56,sitting,141.8,9.5,1439.2,Ошибка: Угол ног в кресле
14:30:57,sitting,140.3,10.0,1412.8,Ошибка: Угол ног в кресле
14:30:57,sitting,136.6,10.2,1348.3,Ошибка: Угол ног в кресле
14:30:57,sitting,134.2,10.6,1306.5,Ошибка: Угол ног в кресле
14:30:57,sitting,130.8,10.6,1246.6,Ошибка: Угол ног в кресле
14:30:57,sitting,122.7,9.5,1102.8,Ошибка: Угол ног в кресле
14:30:57,sitting,117.0,9.3,1003.6,Ошибка: Угол ног в кресле
14:30:57,sitting,117.8,9.2,1016.8,Ошибка: Угол ног в кресле
14:30:57,sitting,116.0,9.4,985.3,Ошибка: Угол ног в кресле
14:30:57,sitting,103.7,9.3,768.7,Посадка в норме
14:30:57,sitting,89.4,9.5,517.0,Посадка в норме
14:30:57,sitting,78.9,9.5,352.0,Посадка в норме
14:30:57,sitting,84.4,9.5,429.5,Посадка в норме
14:30:57,sitting,89.6,9.9,521.8,Посадка в норме
14:30:57,sitting,102.0,9.8,738.9,Посадка в норме
14:30:57,sitting,118.4,10.0,1028.2,Ошибка: Угол ног в кресле
14:30:58,sitting,108.8,9.9,859.5,Посадка в норме
14:30:58,sitting,95.3,10.2,620.5,Посадка в норме
14:30:58,sitting,78.0,10.3,352.0,Посадка в норме
14:30:58,sitting,70.6,10.4,352.0,Ошибка: Угол ног в кресле
14:30:58,sitting,57.2,10.1,352.0,Ошибка: Угол ног в кресле
14:30:58,sitting,57.9,8.4,352.0,Ошибка: Угол ног в кресле
14:30:58,sitting,45.0,8.2,352.0,Ошибка: Угол ног в кресле
14:30:58,sitting,40.3,7.9,352.0,Ошибка: Угол ног в кресле
14:30:58,sitting,31.5,8.3,352.0,Ошибка: Угол ног в кресле
14:30:58,sitting,24.5,8.1,352.0,Ошибка: Угол ног в кресле
14:30:58,sitting,36.1,8.7,352.0,Ошибка: Угол ног в кресле
14:30:58,sitting,52.3,8.6,352.0,Ошибка: Угол ног в кресле
14:30:58,sitting,65.8,8.7,352.0,Ошибка: Угол ног в кресле
14:30:58,sitting,77.8,8.9,352.0,Посадка в норме
14:30:58,sitting,96.0,9.3,634.3,Посадка в норме
14:30:58,sitting,104.0,9.7,775.3,Посадка в норме
14:30:59,sitting,96.9,9.9,649.4,Посадка в норме
14:30:59,sitting,94.2,10.8,601.4,Посадка в норме
14:30:59,sitting,86.2,11.0,462.0,Посадка в норме
14:30:59,sitting,74.8,10.7,352.0,Ошибка: Угол ног в кресле
14:30:59,sitting,86.9,10.7,473.6,Посадка в норме
14:30:59,sitting,86.6,10.7,469.0,Посадка в норме
14:30:59,sitting,85.0,10.7,440.7,Посадка в норме
14:30:59,sitting,92.7,10.5,576.4,Посадка в норме
14:30:59,sitting,93.3,10.9,586.2,Посадка в норме
14:30:59,sitting,63.1,10.5,352.0,Ошибка: Угол ног в кресле
14:30:59,sitting,62.8,11.1,352.0,Ошибка: Угол ног в кресле
14:30:59,sitting,67.4,11.0,352.0,Ошибка: Угол ног в кресле
14:30:59,sitting,58.5,11.3,352.0,Ошибка: Угол ног в кресле
14:30:59,sitting,64.6,11.3,352.0,Ошибка: Угол ног в кресле
14:31:00,sitting,69.1,10.8,352.0,Ошибка: Угол ног в кресле
14:31:00,sitting,76.3,10.6,352.0,Посадка в норме
14:31:00,sitting,86.2,10.3,460.8,Посадка в норме
14:31:00,sitting,101.1,10.6,723.4,Посадка в норме
14:31:00,sitting,109.7,10.7,874.1,Посадка в норме
14:31:00,sitting,126.3,10.6,1166.3,Ошибка: Угол ног в кресле
14:31:00,sitting,131.8,10.6,1263.2,Ошибка: Угол ног в кресле
14:31:00,sitting,128.9,10.4,1212.4,Ошибка: Угол ног в кресле
14:31:00,sitting,120.2,10.4,1059.6,Ошибка: Угол ног в кресле
14:31:00,sitting,115.2,10.4,971.6,Ошибка: Угол ног в кресле
14:31:00,sitting,118.3,10.4,1026.8,Ошибка: Угол ног в кресле
14:31:00,sitting,110.6,10.1,891.0,Посадка в норме
14:31:00,sitting,95.5,10.1,625.1,Посадка в норме
14:31:00,sitting,104.9,10.0,790.5,Посадка в норме
14:31:00,sitting,109.6,10.4,873.1,Посадка в норме
14:31:01,sitting,100.7,10.9,716.9,Посадка в норме
14:31:01,sitting,109.2,10.7,866.2,Посадка в норме
14:31:01,sitting,123.6,10.7,1120.0,Ошибка: Угол ног в кресле
14:31:01,sitting,122.4,10.6,1098.4,Ошибка: Угол ног в кресле
14:31:01,sitting,112.1,10.6,916.4,Посадка в норме
14:31:01,sitting,115.9,10.6,983.9,Ошибка: Угол ног в кресле
14:31:01,sitting,94.2,10.6,602.6,Посадка в норме
14:31:01,sitting,82.2,10.7,390.3,Посадка в норме
14:31:01,sitting,80.6,10.7,361.9,Посадка в норме
14:31:01,sitting,95.0,9.7,616.3,Посадка в норме
14:31:01,sitting,101.0,9.6,721.3,Посадка в норме
14:31:01,sitting,120.4,10.9,1062.2,Ошибка: Угол ног в кресле
14:31:01,sitting,129.0,10.8,1214.0,Ошибка: Угол ног в кресле
14:31:01,sitting,115.6,10.3,977.7,Ошибка: Угол ног в кресле
14:31:01,sitting,99.7,10.2,699.2,Посадка в норме
14:31:02,sitting,91.2,10.2,549.3,Посадка в норме
14:31:02,sitting,95.7,10.2,628.6,Посадка в норме
14:31:02,sitting,89.3,9.9,516.4,Посадка в норме
14:31:02,sitting,101.3,9.8,726.9,Посадка в норме
14:31:02,sitting,105.9,10.1,807.5,Посадка в норме
14:31:02,sitting,115.6,9.9,978.2,Ошибка: Угол ног в кресле
14:31:02,sitting,108.9,10.2,860.7,Посадка в норме
14:31:02,sitting,113.8,10.1,947.7,Посадка в норме
14:31:02,sitting,110.5,10.2,889.4,Посадка в норме
14:31:02,sitting,108.3,10.2,849.3,Посадка в норме
14:31:02,sitting,84.8,9.8,436.8,Посадка в норме
14:31:02,sitting,75.9,10.1,352.0,Посадка в норме
14:31:02,sitting,81.7,9.9,382.2,Посадка в норме
14:31:02,sitting,87.8,9.6,489.9,Посадка в норме
14:31:03,sitting,98.6,9.4,679.8,Посадка в норме
14:31:03,sitting,118.6,9.3,1031.2,Ошибка: Угол ног в кресле
14:31:03,sitting,134.4,9.1,1308.7,Ошибка: Угол ног в кресле
14:31:03,sitting,134.9,9.0,1318.4,Ошибка: Угол ног в кресле
14:31:03,sitting,137.2,9.0,1358.6,Ошибка: Угол ног в кресле
14:31:03,sitting,136.2,8.9,1341.5,Ошибка: Угол ног в кресле
14:31:03,sitting,133.1,9.2,1286.1,Ошибка: Угол ног в кресле
14:31:03,sitting,134.3,9.1,1308.5,Ошибка: Угол ног в кресле
14:31:03,sitting,134.0,9.4,1302.4,Ошибка: Угол ног в кресле
14:31:03,sitting,132.0,9.9,1266.5,Ошибка: Угол ног в кресле
14:31:03,sitting,133.6,9.7,1294.8,Ошибка: Угол ног в кресле
14:31:03,sitting,138.0,9.6,1373.0,Ошибка: Угол ног в кресле
14:31:03,sitting,132.5,9.6,1276.5,Ошибка: Угол ног в кресле
14:31:03,sitting,132.6,9.5,1277.5,Ошибка: Угол ног в кресле
14:31:03,sitting,131.7,9.8,1261.4,Ошибка: Угол ног в кресле
14:31:04,sitting,130.9,9.9,1247.0,Ошибка: Угол ног в кресле
14:31:04,sitting,135.9,10.0,1335.6,Ошибка: Угол ног в кресле
14:31:04,sitting,142.6,10.0,1453.9,Ошибка: Угол ног в кресле
14:31:04,sitting,143.7,10.1,1473.4,Ошибка: Угол ног в кресле
14:31:04,sitting,148.8,9.8,1562.1,Ошибка: Угол ног в кресле
14:31:04,sitting,153.4,9.7,1643.9,Ошибка: Угол ног в кресле
14:31:04,sitting,151.3,9.5,1607.2,Ошибка: Угол ног в кресле
14:31:04,sitting,150.4,9.5,1591.3,Ошибка: Угол ног в кресле
14:31:04,sitting,151.2,9.4,1605.9,Ошибка: Угол ног в кресле
14:31:04,sitting,149.6,9.3,1577.0,Ошибка: Угол ног в кресле
14:31:04,sitting,144.2,9.0,1481.1,Ошибка: Угол ног в кресле
14:31:04,sitting,137.7,9.0,1367.1,Ошибка: Угол ног в кресле
14:31:04,sitting,136.6,8.7,1348.9,Ошибка: Угол ног в кресле
14:31:04,sitting,136.1,8.8,1339.3,Ошибка: Угол ног в кресле
14:31:04,sitting,135.8,8.8,1334.8,Ошибка: Угол ног в кресле
14:31:05,sitting,136.7,9.4,1350.0,Ошибка: Угол ног в кресле
14:31:05,sitting,138.8,9.3,1386.5,Ошибка: Угол ног в кресле
14:31:05,sitting,141.6,8.6,1436.4,Ошибка: Угол ног в кресле
14:31:05,sitting,142.3,8.8,1448.6,Ошибка: Угол ног в кресле
14:31:05,sitting,143.2,9.4,1463.5,Ошибка: Угол ног в кресле
14:31:05,sitting,136.6,10.1,1348.9,Ошибка: Угол ног в кресле
14:31:05,sitting,137.5,9.3,1364.6,Ошибка: Угол ног в кресле
14:31:05,sitting,112.6,9.7,925.7,Посадка в норме
14:31:05,sitting,101.7,9.7,734.6,Посадка в норме
14:31:05,sitting,79.3,8.1,352.0,Посадка в норме
14:31:05,sitting,82.5,7.4,395.7,Посадка в норме
14:31:05,sitting,57.3,7.7,352.0,Ошибка: Угол ног в кресле
14:31:05,sitting,83.2,7.0,408.8,Посадка в норме
14:31:05,sitting,69.9,8.5,352.0,Ошибка: Угол ног в кресле
14:31:05,sitting,62.9,8.5,352.0,Ошибка: Угол ног в кресле
14:31:06,sitting,70.3,5.9,352.0,Ошибка: Угол ног в кресле
14:31:06,sitting,96.5,5.5,642.1,Посадка в норме
14:31:06,sitting,96.2,6.5,637.2,Посадка в норме
14:31:06,sitting,123.8,6.1,1122.6,Ошибка: Угол ног в кресле
14:31:06,sitting,155.5,6.9,1680.7,Ошибка: Угол ног в кресле
14:31:06,sitting,157.9,7.2,1723.7,Ошибка: Угол ног в кресле
14:31:06,sitting,163.0,8.3,1707.5,Ошибка: Угол ног в кресле
14:31:06,sitting,163.9,8.4,1690.5,Ошибка: Угол ног в кресле
14:31:06,sitting,165.3,8.4,1666.5,Ошибка: Угол ног в кресле
14:31:06,sitting,168.4,9.1,1612.3,Ошибка: Угол ног в кресле
14:31:06,sitting,168.6,9.6,1608.6,Ошибка: Угол ног в кресле
14:31:06,sitting,138.5,9.9,1381.1,Ошибка: Угол ног в кресле
14:31:06,sitting,116.3,10.0,990.4,Ошибка: Угол ног в кресле
14:31:06,sitting,111.5,9.0,907.2,Посадка в норме
14:31:07,sitting,107.8,9.1,841.9,Посадка в норме
14:31:07,sitting,106.6,8.4,820.7,Посадка в норме
14:31:07,sitting,136.8,8.5,1350.9,Ошибка: Угол ног в кресле
14:31:07,sitting,157.1,8.2,1708.5,Ошибка: Угол ног в кресле
14:31:07,sitting,160.1,8.9,1758.8,Ошибка: Угол ног в кресле
14:31:07,sitting,138.8,9.7,1387.1,Ошибка: Угол ног в кресле
14:31:07,sitting,138.1,9.6,1374.5,Ошибка: Угол ног в кресле
14:31:07,sitting,131.3,10.1,1254.8,Ошибка: Угол ног в кресле
14:31:07,sitting,130.6,8.6,1242.9,Ошибка: Угол ног в кресле
14:31:07,sitting,129.5,8.5,1223.2,Ошибка: Угол ног в кресле
14:31:07,sitting,150.2,8.6,1586.7,Ошибка: Угол ног в кресле
14:31:07,sitting,145.2,9.9,1500.1,Ошибка: Угол ног в кресле
14:31:07,sitting,140.8,8.6,1422.5,Ошибка: Угол ног в кресле
14:31:07,sitting,138.8,8.3,1387.6,Ошибка: Угол ног в кресле
14:31:07,sitting,135.9,9.3,1336.0,Ошибка: Угол ног в кресле
14:31:07,sitting,130.2,9.2,1235.2,Ошибка: Угол ног в кресле
14:31:08,sitting,133.2,8.3,1288.8,Ошибка: Угол ног в кресле
14:31:08,sitting,145.2,7.9,1499.6,Ошибка: Угол ног в кресле
14:31:08,sitting,118.7,9.5,1032.8,Ошибка: Угол ног в кресле
14:31:08,sitting,120.9,8.6,1072.7,Ошибка: Угол ног в кресле
14:31:08,sitting,127.2,7.9,1182.1,Ошибка: Угол ног в кресле
14:31:08,sitting,126.6,8.7,1171.7,Ошибка: Угол ног в кресле
14:31:08,sitting,120.6,8.7,1067.4,Ошибка: Угол ног в кресле
14:31:08,sitting,147.4,8.8,1537.7,Ошибка: Угол ног в кресле
14:31:08,sitting,119.6,10.7,1048.3,Ошибка: Угол ног в кресле
14:31:08,sitting,99.6,10.2,697.2,Посадка в норме
14:31:08,sitting,95.2,9.8,620.0,Посадка в норме
14:31:08,sitting,96.4,8.8,640.6,Посадка в норме
14:31:08,sitting,97.0,8.7,652.1,Посадка в норме
14:31:08,sitting,122.9,8.5,1106.8,Ошибка: Угол ног в кресле
14:31:08,sitting,140.3,8.5,1413.0,Ошибка: Угол ног в кресле
14:31:09,sitting,144.1,8.6,1480.8,Ошибка: Угол ног в кресле
14:31:09,sitting,144.0,8.8,1479.1,Ошибка: Угол ног в кресле
14:31:09,sitting,139.2,9.4,1393.4,Ошибка: Угол ног в кресле
14:31:09,sitting,137.1,9.2,1356.9,Ошибка: Угол ног в кресле
14:31:09,sitting,136.5,8.7,1346.2,Ошибка: Угол ног в кресле
14:31:09,sitting,135.7,8.8,1332.0,Ошибка: Угол ног в кресле
14:31:09,sitting,134.0,8.9,1303.3,Ошибка: Угол ног в кресле
14:31:09,sitting,127.3,10.3,1184.2,Ошибка: Угол ног в кресле
14:31:09,sitting,119.9,10.8,1053.5,Ошибка: Угол ног в кресле
14:31:09,sitting,117.4,9.4,1010.5,Ошибка: Угол ног в кресле
14:31:09,sitting,91.8,9.7,560.2,Посадка в норме
14:31:09,sitting,84.5,9.6,431.3,Посадка в норме
14:31:09,sitting,92.0,9.7,563.1,Посадка в норме
14:31:10,sitting,98.8,9.9,682.1,Посадка в норме
14:31:10,sitting,100.3,10.2,709.4,Посадка в норме
14:31:10,sitting,124.1,10.2,1128.1,Ошибка: Угол ног в кресле
14:31:10,sitting,133.4,10.2,1291.9,Ошибка: Угол ног в кресле
14:31:10,sitting,138.7,9.7,1384.5,Ошибка: Угол ног в кресле
14:31:10,sitting,142.1,9.7,1445.7,Ошибка: Угол ног в кресле
14:31:10,sitting,143.9,9.8,1476.3,Ошибка: Угол ног в кресле
14:31:10,sitting,150.6,9.6,1594.9,Ошибка: Угол ног в кресле
14:31:10,sitting,153.4,9.4,1643.5,Ошибка: Угол ног в кресле
14:31:10,sitting,154.0,9.7,1654.5,Ошибка: Угол ног в кресле
14:31:10,sitting,155.7,9.5,1684.9,Ошибка: Угол ног в кресле
14:31:10,sitting,154.5,10.3,1663.1,Ошибка: Угол ног в кресле
14:31:10,sitting,148.8,9.9,1563.4,Ошибка: Угол ног в кресле
14:31:10,sitting,144.9,9.4,1493.8,Ошибка: Угол ног в кресле
14:31:10,sitting,141.3,10.1,1431.3,Ошибка: Угол ног в кресле
14:31:11,sitting,138.8,9.8,1386.7,Ошибка: Угол ног в кресле
14:31:11,sitting,137.3,9.7,1359.7,Ошибка: Угол ног в кресле
14:31:11,sitting,136.1,10.0,1338.7,Ошибка: Угол ног в кресле
14:31:11,sitting,132.3,10.2,1273.3,Ошибка: Угол ног в кресле
14:31:11,sitting,133.5,9.6,1293.1,Ошибка: Угол ног в кресле
14:31:11,sitting,133.2,9.6,1288.7,Ошибка: Угол ног в кресле
14:31:11,sitting,132.9,9.6,1283.3,Ошибка: Угол ног в кресле
14:31:11,sitting,131.3,9.7,1254.9,Ошибка: Угол ног в кресле
14:31:11,sitting,112.9,10.8,930.4,Посадка в норме
14:31:11,sitting,100.0,11.1,703.5,Посадка в норме
14:31:11,sitting,73.6,11.2,352.0,Ошибка: Угол ног в кресле
14:31:11,sitting,56.1,11.0,352.0,Ошибка: Угол ног в кресле
14:31:11,sitting,59.2,9.8,352.0,Ошибка: Угол ног в кресле
14:31:11,sitting,81.7,9.8,382.7,Посадка в норме
14:31:11,sitting,91.4,9.7,552.4,Посадка в норме
14:31:11,sitting,113.3,9.8,938.3,Посадка в норме
14:31:12,sitting,133.0,10.0,1284.0,Ошибка: Угол ног в кресле
14:31:12,sitting,137.2,9.9,1358.0,Ошибка: Угол ног в кресле
14:31:12,sitting,140.5,8.7,1416.0,Ошибка: Угол ног в кресле
14:31:12,sitting,145.0,9.2,1495.5,Ошибка: Угол ног в кресле
14:31:12,sitting,151.7,9.0,1613.1,Ошибка: Угол ног в кресле
14:31:12,sitting,153.1,9.5,1638.8,Ошибка: Угол ног в кресле
14:31:12,sitting,150.1,10.2,1586.1,Ошибка: Угол ног в кресле
14:31:12,sitting,145.9,10.5,1511.6,Ошибка: Угол ног в кресле
14:31:12,sitting,136.0,10.6,1338.1,Ошибка: Угол ног в кресле
14:31:12,sitting,124.2,10.4,1129.9,Ошибка: Угол ног в кресле
14:31:12,sitting,112.3,10.4,920.2,Посадка в норме
14:31:12,sitting,110.4,9.7,887.5,Посадка в норме
14:31:12,sitting,111.7,9.7,909.6,Посадка в норме
14:31:12,sitting,120.6,9.3,1066.3,Ошибка: Угол ног в кресле
14:31:13,sitting,131.5,9.2,1257.7,Ошибка: Угол ног в кресле
14:31:13,sitting,142.5,9.7,1451.4,Ошибка: Угол ног в кресле
14:31:13,sitting,145.1,9.5,1497.1,Ошибка: Угол ног в кресле
14:31:13,sitting,147.9,8.8,1547.4,Ошибка: Угол ног в кресле
14:31:13,sitting,147.3,9.6,1536.7,Ошибка: Угол ног в кресле
14:31:13,sitting,143.6,9.8,1470.7,Ошибка: Угол ног в кресле
14:31:13,sitting,143.2,9.8,1464.8,Ошибка: Угол ног в кресле
14:31:13,sitting,138.6,10.6,1383.2,Ошибка: Угол ног в кресле
14:31:13,sitting,131.4,10.6,1256.2,Ошибка: Угол ног в кресле
14:31:13,sitting,127.8,10.7,1192.6,Ошибка: Угол ног в кресле
14:31:13,sitting,106.4,11.1,816.0,Посадка в норме
14:31:13,sitting,105.0,10.1,791.8,Посадка в норме
14:31:13,sitting,105.0,10.3,791.5,Посадка в норме
14:31:13,sitting,107.8,9.8,840.5,Посадка в норме
14:31:13,sitting,112.0,9.6,914.8,Посадка в норме
14:31:14,sitting,137.3,9.4,1360.4,Ошибка: Угол ног в кресле
14:31:14,sitting,140.6,9.1,1418.6,Ошибка: Угол ног в кресле
14:31:14,sitting,117.4,10.1,1010.0,Ошибка: Угол ног в кресле
14:31:14,sitting,108.1,9.9,846.8,Посадка в норме
14:31:14,sitting,107.2,8.1,831.1,Посадка в норме
14:31:14,sitting,104.5,7.9,783.5,Посадка в норме
14:31:14,sitting,86.8,10.1,471.4,Посадка в норме
14:31:14,sitting,99.2,10.8,690.5,Посадка в норме
14:31:14,sitting,98.3,10.4,674.4,Посадка в норме
14:31:14,sitting,78.7,9.1,352.0,Посадка в норме
14:31:14,sitting,56.5,9.3,352.0,Ошибка: Угол ног в кресле
14:31:14,sitting,44.9,9.3,352.0,Ошибка: Угол ног в кресле
14:31:14,sitting,50.6,9.0,352.0,Ошибка: Угол ног в кресле
14:31:14,sitting,56.0,8.6,352.0,Ошибка: Угол ног в кресле
14:31:14,sitting,50.6,9.0,352.0,Ошибка: Угол ног в кресле
14:31:15,sitting,53.8,8.2,352.0,Ошибка: Угол ног в кресле
14:31:15,sitting,61.8,8.3,352.0,Ошибка: Угол ног в кресле
14:31:15,sitting,48.0,8.4,352.0,Ошибка: Угол ног в кресле
14:31:15,sitting,35.3,8.0,352.0,Ошибка: Угол ног в кресле
14:31:15,sitting,41.2,8.1,352.0,Ошибка: Угол ног в кресле
14:31:15,sitting,43.0,6.4,352.0,Ошибка: Угол ног в кресле
14:31:15,sitting,57.0,6.6,352.0,Ошибка: Угол ног в кресле
14:31:15,sitting,65.2,6.0,352.0,Ошибка: Угол ног в кресле
14:31:15,sitting,63.2,5.9,352.0,Ошибка: Угол ног в кресле
14:31:15,sitting,68.3,6.1,352.0,Ошибка: Угол ног в кресле
14:31:15,sitting,63.8,6.4,352.0,Ошибка: Угол ног в кресле
14:31:15,sitting,61.1,5.4,352.0,Ошибка: Угол ног в кресле
14:31:15,sitting,69.6,4.9,352.0,Ошибка: Угол ног в кресле
14:31:15,sitting,83.9,5.5,421.1,Посадка в норме
14:31:15,sitting,97.8,5.4,666.0,Посадка в норме
14:31:16,sitting,119.1,5.5,1040.0,Ошибка: Угол ног в кресле
14:31:16,sitting,102.5,6.6,748.6,Посадка в норме
14:31:16,sitting,102.5,6.6,747.9,Посадка в норме
14:31:16,sitting,82.6,8.4,397.0,Посадка в норме
14:31:16,sitting,68.9,8.2,352.0,Ошибка: Угол ног в кресле
14:31:16,sitting,53.9,7.7,352.0,Ошибка: Угол ног в кресле
14:31:16,sitting,77.1,6.7,352.0,Посадка в норме
14:31:16,sitting,68.5,7.3,352.0,Ошибка: Угол ног в кресле
14:31:16,sitting,71.6,7.6,352.0,Ошибка: Угол ног в кресле
14:31:16,sitting,84.3,5.3,427.0,Посадка в норме
14:31:16,sitting,100.2,5.1,707.2,Посадка в норме
14:31:16,sitting,104.1,5.1,776.0,Посадка в норме
14:31:16,sitting,118.8,5.3,1035.7,Ошибка: Угол ног в кресле
14:31:16,sitting,141.3,5.6,1430.8,Ошибка: Угол ног в кресле
14:31:16,sitting,135.2,6.7,1322.9,Ошибка: Угол ног в кресле
14:31:16,sitting,121.1,6.8,1075.8,Ошибка: Угол ног в кресле
14:31:17,sitting,94.0,7.3,599.3,Посадка в норме
14:31:17,sitting,75.9,6.8,352.0,Посадка в норме
14:31:17,sitting,77.4,6.1,352.0,Посадка в норме
14:31:17,sitting,85.8,5.8,453.2,Посадка в норме
14:31:17,sitting,89.1,7.0,512.0,Посадка в норме
14:31:17,sitting,112.4,7.0,921.5,Посадка в норме
14:31:17,sitting,136.9,4.9,1353.9,Ошибка: Угол ног в кресле
14:31:17,sitting,141.8,5.3,1438.9,Ошибка: Угол ног в кресле
14:31:17,sitting,146.8,4.0,1527.7,Ошибка: Угол ног в кресле
14:31:17,sitting,161.9,3.6,1727.3,Ошибка: Угол ног в кресле
14:31:17,sitting,170.9,5.2,1568.0,Ошибка: Угол ног в кресле
14:31:17,sitting,171.7,5.5,1553.5,Ошибка: Угол ног в кресле
14:31:17,sitting,172.0,5.6,1548.0,Ошибка: Угол ног в кресле
14:31:17,sitting,173.1,6.7,1529.8,Ошибка: Угол ног в кресле
14:31:17,sitting,175.7,6.8,1483.2,Ошибка: Угол ног в кресле
14:31:18,sitting,175.9,6.8,1479.7,Ошибка: Угол ног в кресле
14:31:18,sitting,175.0,7.0,1496.6,Ошибка: Угол ног в кресле
14:31:18,sitting,174.3,7.0,1508.9,Ошибка: Угол ног в кресле
14:31:18,sitting,174.2,7.2,1509.3,Ошибка: Угол ног в кресле
14:31:18,sitting,173.6,6.9,1520.4,Ошибка: Угол ног в кресле
14:31:18,sitting,170.9,7.7,1568.8,Ошибка: Угол ног в кресле
14:31:18,sitting,169.5,7.7,1592.4,Ошибка: Угол ног в кресле
14:31:18,sitting,168.9,7.8,1604.1,Ошибка: Угол ног в кресле
14:31:18,sitting,169.4,7.8,1594.7,Ошибка: Угол ног в кресле
14:31:18,sitting,170.1,8.2,1582.2,Ошибка: Угол ног в кресле
14:31:18,sitting,172.6,8.3,1538.2,Ошибка: Угол ног в кресле
14:31:18,sitting,170.9,8.5,1568.8,Ошибка: Угол ног в кресле
14:31:18,sitting,170.2,8.1,1580.5,Ошибка: Угол ног в кресле
14:31:19,sitting,166.5,8.0,1646.1,Ошибка: Угол ног в кресле
14:31:19,sitting,162.7,7.9,1713.1,Ошибка: Угол ног в кресле
14:31:19,sitting,157.7,7.8,1718.7,Ошибка: Угол ног в кресле
14:31:19,sitting,160.8,7.3,1746.5,Ошибка: Угол ног в кресле
14:31:19,sitting,153.5,8.6,1645.6,Ошибка: Угол ног в кресле
14:31:19,sitting,153.2,7.9,1641.0,Ошибка: Угол ног в кресле
14:31:19,sitting,155.5,7.8,1680.3,Ошибка: Угол ног в кресле
14:31:19,sitting,158.6,6.1,1734.7,Ошибка: Угол ног в кресле
14:31:19,sitting,157.5,6.0,1715.9,Ошибка: Угол ног в кресле
14:31:19,sitting,166.3,6.2,1649.9,Ошибка: Угол ног в кресле
14:31:19,sitting,168.8,6.3,1605.7,Ошибка: Угол ног в кресле
14:31:19,sitting,165.0,6.9,1672.0,Ошибка: Угол ног в кресле
14:31:19,sitting,164.3,6.9,1683.7,Ошибка: Угол ног в кресле
14:31:19,sitting,163.0,7.0,1707.0,Ошибка: Угол ног в кресле
14:31:19,sitting,162.2,6.6,1720.7,Ошибка: Угол ног в кресле
14:31:20,sitting,160.2,8.6,1756.5,Ошибка: Угол ног в кресле
14:31:20,sitting,163.3,8.4,1701.9,Ошибка: Угол ног в кресле
14:31:20,sitting,161.8,8.3,1728.0,Ошибка: Угол ног в кресле
14:31:20,sitting,161.3,8.1,1737.4,Ошибка: Угол ног в кресле
14:31:20,sitting,160.0,8.0,1759.6,Ошибка: Угол ног в кресле
14:31:20,sitting,159.9,7.2,1758.9,Ошибка: Угол ног в кресле
14:31:20,sitting,132.4,9.1,1273.5,Ошибка: Угол ног в кресле
14:31:20,sitting,132.7,8.7,1280.3,Ошибка: Угол ног в кресле
14:31:20,sitting,133.6,8.7,1294.9,Ошибка: Угол ног в кресле
14:31:20,sitting,136.3,8.2,1343.6,Ошибка: Угол ног в кресле
14:31:20,sitting,138.8,7.9,1386.9,Ошибка: Угол ног в кресле
14:31:20,sitting,168.2,7.9,1616.6,Ошибка: Угол ног в кресле
14:31:20,sitting,171.1,7.7,1564.8,Ошибка: Угол ног в кресле
14:31:20,sitting,173.1,8.0,1529.2,Ошибка: Угол ног в кресле
14:31:20,sitting,172.0,8.3,1548.8,Ошибка: Угол ног в кресле
14:31:20,sitting,171.2,8.3,1562.2,Ошибка: Угол ног в кресле
14:31:21,sitting,170.7,8.1,1572.1,Ошибка: Угол ног в кресле
14:31:21,sitting,170.3,7.3,1579.2,Ошибка: Угол ног в кресле
14:31:21,sitting,169.8,6.7,1587.5,Ошибка: Угол ног в кресле
14:31:21,sitting,170.0,7.3,1583.2,Ошибка: Угол ног в кресле
14:31:21,sitting,169.5,7.3,1593.6,Ошибка: Угол ног в кресле
14:31:21,sitting,170.3,6.7,1578.9,Ошибка: Угол ног в кресле
14:31:21,sitting,167.9,7.6,1621.6,Ошибка: Угол ног в кресле
14:31:21,sitting,164.4,8.0,1681.7,Ошибка: Угол ног в кресле
14:31:21,sitting,160.8,7.8,1746.3,Ошибка: Угол ног в кресле
14:31:21,sitting,154.4,8.3,1661.7,Ошибка: Угол ног в кресле
14:31:21,sitting,151.1,7.1,1602.9,Ошибка: Угол ног в кресле
14:31:21,sitting,150.1,7.2,1585.1,Ошибка: Угол ног в кресле
14:31:21,sitting,150.2,7.5,1587.9,Ошибка: Угол ног в кресле
14:31:21,sitting,151.2,7.1,1604.8,Ошибка: Угол ног в кресле
14:31:21,sitting,157.3,7.0,1712.5,Ошибка: Угол ног в кресле
14:31:21,sitting,158.9,7.8,1740.0,Ошибка: Угол ног в кресле
14:31:21,sitting,160.5,7.3,1750.5,Ошибка: Угол ног в кресле
14:31:22,sitting,162.9,6.5,1708.4,Ошибка: Угол ног в кресле
14:31:22,sitting,162.9,6.9,1709.1,Ошибка: Угол ног в кресле
14:31:22,sitting,159.3,8.0,1747.4,Ошибка: Угол ног в кресле
14:31:22,sitting,155.2,8.3,1676.1,Ошибка: Угол ног в кресле
14:31:22,sitting,156.5,6.3,1698.2,Ошибка: Угол ног в кресле
14:31:22,sitting,155.4,6.5,1679.3,Ошибка: Угол ног в кресле
14:31:22,sitting,157.7,6.6,1719.4,Ошибка: Угол ног в кресле
14:31:22,sitting,160.2,7.4,1757.2,Ошибка: Угол ног в кресле
14:31:22,sitting,151.5,7.8,1609.8,Ошибка: Угол ног в кресле
14:31:22,sitting,140.8,8.6,1421.9,Ошибка: Угол ног в кресле
14:31:22,sitting,136.7,8.2,1349.3,Ошибка: Угол ног в кресле
14:31:22,sitting,135.1,8.1,1321.6,Ошибка: Угол ног в кресле
14:31:22,sitting,135.0,8.1,1319.8,Ошибка: Угол ног в кресле
14:31:22,sitting,148.4,7.7,1555.9,Ошибка: Угол ног в кресле
14:31:22,sitting,158.9,6.2,1741.4,Ошибка: Угол ног в кресле
14:31:22,sitting,165.7,6.3,1659.8,Ошибка: Угол ног в кресле
14:31:23,sitting,168.5,6.6,1610.0,Ошибка: Угол ног в кресле
14:31:23,sitting,170.8,6.8,1569.8,Ошибка: Угол ног в кресле
14:31:23,sitting,170.9,7.2,1568.6,Ошибка: Угол ног в кресле
14:31:23,sitting,169.6,6.6,1590.7,Ошибка: Угол ног в кресле
14:31:23,sitting,168.6,6.8,1608.6,Ошибка: Угол ног в кресле
14:31:23,sitting,168.1,6.8,1617.5,Ошибка: Угол ног в кресле
14:31:23,sitting,167.1,5.9,1635.3,Ошибка: Угол ног в кресле
14:31:23,sitting,165.8,6.6,1657.4,Ошибка: Угол ног в кресле
14:31:23,sitting,164.2,7.1,1685.3,Ошибка: Угол ног в кресле
14:31:23,sitting,162.1,7.1,1723.0,Ошибка: Угол ног в кресле
14:31:23,sitting,160.2,7.1,1755.9,Ошибка: Угол ног в кресле
14:31:23,sitting,151.8,7.2,1615.0,Ошибка: Угол ног в кресле
14:31:23,sitting,151.9,7.2,1617.7,Ошибка: Угол ног в кресле
14:31:23,sitting,153.0,8.3,1636.1,Ошибка: Угол ног в кресле
14:31:23,sitting,153.6,8.2,1647.0,Ошибка: Угол ног в кресле
14:31:23,sitting,155.7,7.7,1684.2,Ошибка: Угол ног в кресле
14:31:24,sitting,164.1,8.4,1688.4,Ошибка: Угол ног в кресле
14:31:24,sitting,166.3,8.0,1648.4,Ошибка: Угол ног в кресле
14:31:24,sitting,167.1,7.7,1635.7,Ошибка: Угол ног в кресле
14:31:24,sitting,168.4,7.0,1612.3,Ошибка: Угол ног в кресле
14:31:24,sitting,167.3,7.2,1632.0,Ошибка: Угол ног в кресле
14:31:24,sitting,167.4,6.9,1630.5,Ошибка: Угол ног в кресле
14:31:24,sitting,167.5,6.7,1628.9,Ошибка: Угол ног в кресле
14:31:24,sitting,168.7,7.5,1606.9,Ошибка: Угол ног в кресле
14:31:24,sitting,167.2,7.8,1633.7,Ошибка: Угол ног в кресле
14:31:24,sitting,164.9,8.5,1674.1,Ошибка: Угол ног в кресле
14:31:24,sitting,159.2,8.7,1745.2,Ошибка: Угол ног в кресле
14:31:24,sitting,155.9,7.8,1687.7,Ошибка: Угол ног в кресле
14:31:24,sitting,154.1,7.2,1656.9,Ошибка: Угол ног в кресле
14:31:24,sitting,154.3,7.2,1659.5,Ошибка: Угол ног в кресле
14:31:24,sitting,155.3,7.3,1677.3,Ошибка: Угол ног в кресле
14:31:25,sitting,159.2,7.1,1745.8,Ошибка: Угол ног в кресле
14:31:25,sitting,154.5,8.0,1664.0,Ошибка: Угол ног в кресле
14:31:25,sitting,152.1,7.8,1621.8,Ошибка: Угол ног в кресле
14:31:25,sitting,154.3,7.5,1660.5,Ошибка: Угол ног в кресле
14:31:25,sitting,156.1,7.5,1691.3,Ошибка: Угол ног в кресле
14:31:25,sitting,157.8,7.4,1722.2,Ошибка: Угол ног в кресле
14:31:25,sitting,163.7,7.4,1694.5,Ошибка: Угол ног в кресле
14:31:25,sitting,166.6,7.8,1644.2,Ошибка: Угол ног в кресле
14:31:25,sitting,165.4,7.9,1665.3,Ошибка: Угол ног в кресле
14:31:25,sitting,165.0,8.1,1672.7,Ошибка: Угол ног в кресле
14:31:25,sitting,164.6,7.9,1678.9,Ошибка: Угол ног в кресле
14:31:25,sitting,164.5,7.9,1680.9,Ошибка: Угол ног в кресле
14:31:25,sitting,164.9,7.5,1673.0,Ошибка: Угол ног в кресле
14:31:25,sitting,165.9,6.6,1656.4,Ошибка: Угол ног в кресле
14:31:25,sitting,167.6,6.6,1626.3,Ошибка: Угол ног в кресле
14:31:25,sitting,170.0,6.6,1583.7,Ошибка: Угол ног в кресле
14:31:26,sitting,163.5,8.2,1698.2,Ошибка: Угол ног в кресле
14:31:26,sitting,160.2,6.9,1757.0,Ошибка: Угол ног в кресле
14:31:26,sitting,153.8,7.0,1650.8,Ошибка: Угол ног в кресле
14:31:26,sitting,140.5,7.2,1417.2,Ошибка: Угол ног в кресле
14:31:26,sitting,121.9,7.4,1088.8,Ошибка: Угол ног в кресле
14:31:26,sitting,117.0,7.3,1003.4,Ошибка: Угол ног в кресле
14:31:26,sitting,91.7,7.0,558.5,Посадка в норме
14:31:26,sitting,68.8,7.1,352.0,Ошибка: Угол ног в кресле
14:31:26,sitting,52.2,7.0,352.0,Ошибка: Угол ног в кресле
14:31:26,sitting,61.5,6.2,352.0,Ошибка: Угол ног в кресле
14:31:26,sitting,64.2,6.1,352.0,Ошибка: Угол ног в кресле
14:31:26,sitting,76.6,7.3,352.0,Посадка в норме
14:31:26,sitting,77.7,6.8,352.0,Посадка в норме
14:31:26,sitting,75.9,6.9,352.0,Посадка в норме
14:31:26,sitting,67.7,6.2,352.0,Ошибка: Угол ног в кресле
14:31:27,sitting,60.8,6.2,352.0,Ошибка: Угол ног в кресле
14:31:27,sitting,62.0,5.6,352.0,Ошибка: Угол ног в кресле
14:31:27,sitting,82.3,5.2,392.3,Посадка в норме
14:31:27,sitting,97.4,5.5,658.4,Посадка в норме
14:31:27,sitting,110.0,4.6,880.4,Посадка в норме
14:31:27,sitting,123.6,4.7,1118.6,Ошибка: Угол ног в кресле
14:31:27,sitting,135.6,4.7,1331.3,Ошибка: Угол ног в кресле
14:31:27,sitting,138.8,4.8,1386.1,Ошибка: Угол ног в кресле
14:31:27,sitting,125.2,6.1,1146.9,Ошибка: Угол ног в кресле
14:31:27,sitting,126.4,5.2,1167.9,Ошибка: Угол ног в кресле
14:31:27,sitting,126.0,4.1,1162.2,Ошибка: Угол ног в кресле
14:31:27,sitting,125.8,4.1,1157.8,Ошибка: Угол ног в кресле
14:31:27,sitting,128.9,3.4,1213.2,Ошибка: Угол ног в кресле
14:31:27,sitting,156.5,3.7,1698.1,Ошибка: Угол ног в кресле
14:31:27,sitting,157.6,3.8,1717.7,Ошибка: Угол ног в кресле
14:31:27,sitting,158.3,3.6,1730.8,Ошибка: Угол ног в кресле
14:31:27,sitting,160.5,3.8,1751.9,Ошибка: Угол ног в кресле
14:31:28,sitting,160.7,4.1,1747.8,Ошибка: Угол ног в кресле
14:31:28,sitting,161.0,4.8,1743.0,Ошибка: Угол ног в кресле
14:31:28,sitting,161.4,5.1,1736.1,Ошибка: Угол ног в кресле
14:31:28,sitting,162.6,5.1,1713.6,Ошибка: Угол ног в кресле
14:31:28,sitting,163.3,4.5,1701.1,Ошибка: Угол ног в кресле
14:31:28,sitting,164.4,4.5,1682.5,Ошибка: Угол ног в кресле
14:31:28,sitting,164.7,4.4,1678.0,Ошибка: Угол ног в кресле
14:31:28,sitting,165.5,4.1,1664.0,Ошибка: Угол ног в кресле
14:31:28,sitting,165.9,4.0,1656.1,Ошибка: Угол ног в кресле
14:31:28,sitting,163.7,4.0,1695.6,Ошибка: Угол ног в кресле
14:31:28,sitting,159.5,4.2,1751.7,Ошибка: Угол ног в кресле
14:31:28,sitting,156.1,5.1,1691.3,Ошибка: Угол ног в кресле
14:31:28,sitting,152.3,5.0,1625.1,Ошибка: Угол ног в кресле
14:31:28,sitting,146.5,5.3,1523.1,Ошибка: Угол ног в кресле
14:31:28,sitting,147.0,5.0,1531.4,Ошибка: Угол ног в кресле
14:31:28,sitting,148.8,4.9,1562.6,Ошибка: Угол ног в кресле
14:31:29,sitting,150.5,5.2,1592.5,Ошибка: Угол ног в кресле
14:31:29,sitting,152.7,4.3,1630.6,Ошибка: Угол ног в кресле
14:31:29,sitting,157.9,4.0,1722.5,Ошибка: Угол ног в кресле
14:31:29,sitting,159.7,3.4,1754.5,Ошибка: Угол ног в кресле
14:31:29,sitting,154.4,4.9,1662.1,Ошибка: Угол ног в кресле
14:31:29,sitting,153.1,5.1,1639.0,Ошибка: Угол ног в кресле
14:31:29,sitting,152.8,4.5,1633.1,Ошибка: Угол ног в кресле
14:31:29,sitting,135.7,6.8,1332.8,Ошибка: Угол ног в кресле
14:31:29,sitting,118.4,7.0,1028.0,Ошибка: Угол ног в кресле
14:31:29,sitting,122.4,6.2,1097.7,Ошибка: Угол ног в кресле
14:31:29,sitting,126.4,3.2,1169.3,Ошибка: Угол ног в кресле
14:31:29,sitting,128.8,3.5,1211.4,Ошибка: Угол ног в кресле
14:31:29,sitting,147.7,3.7,1543.8,Ошибка: Угол ног в кресле
14:31:29,sitting,167.2,3.3,1632.8,Ошибка: Угол ног в кресле
14:31:29,sitting,170.6,2.4,1573.2,Ошибка: Угол ног в кресле
14:31:30,sitting,149.4,5.8,1574.3,Ошибка: Угол ног в кресле
14:31:30,sitting,147.0,6.2,1532.0,Ошибка: Угол ног в кресле
14:31:30,sitting,145.5,5.9,1505.1,Ошибка: Угол ног в кресле
14:31:30,sitting,143.8,5.4,1475.7,Ошибка: Угол ног в кресле
14:31:30,sitting,144.1,4.4,1480.0,Ошибка: Угол ног в кресле
14:31:30,sitting,166.0,4.4,1653.8,Ошибка: Угол ног в кресле
14:31:30,sitting,167.9,4.5,1621.0,Ошибка: Угол ног в кресле
14:31:30,sitting,168.5,4.3,1610.8,Ошибка: Угол ног в кресле
14:31:30,sitting,169.4,3.7,1593.7,Ошибка: Угол ног в кресле
14:31:30,sitting,170.6,3.3,1573.1,Ошибка: Угол ног в кресле
14:31:30,sitting,170.2,3.4,1580.6,Ошибка: Угол ног в кресле
14:31:30,sitting,170.7,3.7,1571.3,Ошибка: Угол ног в кресле
14:31:30,sitting,170.6,5.1,1573.1,Ошибка: Угол ног в кресле
14:31:30,sitting,169.3,4.6,1596.6,Ошибка: Угол ног в кресле
14:31:30,sitting,165.0,6.0,1672.6,Ошибка: Угол ног в кресле
14:31:31,sitting,164.1,5.4,1687.9,Ошибка: Угол ног в кресле
14:31:31,sitting,162.5,6.3,1715.6,Ошибка: Угол ног в кресле
14:31:31,sitting,162.4,5.8,1717.8,Ошибка: Угол ног в кресле
14:31:31,sitting,162.3,5.3,1720.1,Ошибка: Угол ног в кресле
14:31:31,sitting,163.8,6.7,1692.4,Ошибка: Угол ног в кресле
14:31:31,sitting,158.4,6.5,1732.1,Ошибка: Угол ног в кресле
14:31:31,sitting,155.1,6.7,1674.4,Ошибка: Угол ног в кресле
14:31:31,sitting,139.1,7.5,1391.5,Ошибка: Угол ног в кресле
14:31:31,sitting,116.7,7.4,997.3,Ошибка: Угол ног в кресле
14:31:31,sitting,115.7,6.5,980.3,Ошибка: Угол ног в кресле
14:31:31,sitting,112.4,6.5,921.9,Посадка в норме
14:31:31,sitting,112.3,4.8,921.3,Посадка в норме
14:31:31,sitting,124.1,5.2,1128.2,Ошибка: Угол ног в кресле
14:31:31,sitting,144.5,5.2,1486.6,Ошибка: Угол ног в кресле
14:31:31,sitting,137.2,5.5,1358.0,Ошибка: Угол ног в кресле
14:31:31,sitting,140.6,5.1,1418.5,Ошибка: Угол ног в кресле
14:31:32,sitting,138.4,5.2,1379.4,Ошибка: Угол ног в кресле
14:31:32,sitting,110.6,7.4,889.7,Посадка в норме
14:31:32,sitting,105.1,7.3,793.2,Посадка в норме
14:31:32,sitting,109.5,7.5,870.5,Посадка в норме
14:31:32,sitting,112.4,7.4,922.3,Посадка в норме
14:31:32,sitting,116.9,5.7,1002.0,Ошибка: Угол ног в кресле
14:31:32,sitting,147.9,5.9,1547.0,Ошибка: Угол ног в кресле
14:31:32,sitting,155.4,5.9,1678.7,Ошибка: Угол ног в кресле
14:31:32,sitting,160.7,5.1,1747.3,Ошибка: Угол ног в кресле
14:31:32,sitting,164.7,4.6,1677.6,Ошибка: Угол ног в кресле
14:31:32,sitting,167.7,4.7,1625.1,Ошибка: Угол ног в кресле
14:31:32,sitting,170.0,4.9,1584.3,Ошибка: Угол ног в кресле
14:31:32,sitting,172.3,4.9,1543.8,Ошибка: Угол ног в кресле
14:31:32,sitting,173.5,4.8,1523.2,Ошибка: Угол ног в кресле
14:31:33,sitting,173.5,4.9,1522.8,Ошибка: Угол ног в кресле
14:31:33,sitting,173.7,4.9,1519.2,Ошибка: Угол ног в кресле
14:31:33,sitting,174.7,4.9,1501.7,Ошибка: Угол ног в кресле
14:31:33,sitting,175.0,4.9,1496.1,Ошибка: Угол ног в кресле
14:31:33,sitting,175.6,4.9,1484.8,Ошибка: Угол ног в кресле
14:31:33,sitting,176.3,4.9,1472.8,Ошибка: Угол ног в кресле
14:31:33,sitting,176.5,4.6,1470.1,Ошибка: Угол ног в кресле
14:31:33,sitting,175.6,4.7,1484.9,Ошибка: Угол ног в кресле
14:31:33,sitting,173.2,4.9,1528.4,Ошибка: Угол ног в кресле
14:31:33,sitting,170.6,4.9,1573.7,Ошибка: Угол ног в кресле
14:31:33,sitting,168.5,4.9,1610.1,Ошибка: Угол ног в кресле
14:31:33,sitting,166.9,6.2,1638.2,Ошибка: Угол ног в кресле
14:31:33,sitting,165.4,6.9,1665.1,Ошибка: Угол ног в кресле
14:31:33,sitting,165.4,6.8,1665.7,Ошибка: Угол ног в кресле
14:31:33,sitting,165.8,6.2,1658.8,Ошибка: Угол ног в кресле
14:31:33,sitting,165.4,6.8,1664.5,Ошибка: Угол ног в кресле
14:31:34,sitting,164.7,7.1,1677.7,Ошибка: Угол ног в кресле
14:31:34,sitting,164.4,7.0,1682.3,Ошибка: Угол ног в кресле
14:31:34,sitting,164.1,6.9,1687.2,Ошибка: Угол ног в кресле
14:31:34,sitting,161.1,7.2,1740.4,Ошибка: Угол ног в кресле
14:31:34,sitting,160.6,6.3,1749.9,Ошибка: Угол ног в кресле
14:31:34,sitting,161.5,6.3,1733.0,Ошибка: Угол ног в кресле
14:31:34,sitting,159.3,7.9,1748.1,Ошибка: Угол ног в кресле
14:31:34,sitting,158.7,7.8,1736.9,Ошибка: Угол ног в кресле
14:31:34,sitting,160.6,7.5,1749.8,Ошибка: Угол ног в кресле
14:31:34,sitting,160.3,7.5,1753.9,Ошибка: Угол ног в кресле
14:31:34,sitting,159.5,7.6,1751.0,Ошибка: Угол ног в кресле
14:31:34,sitting,163.2,7.5,1704.4,Ошибка: Угол ног в кресле
14:31:34,sitting,166.6,6.1,1644.5,Ошибка: Угол ног в кресле
14:31:34,sitting,169.4,6.1,1594.4,Ошибка: Угол ног в кресле
14:31:34,sitting,171.2,6.4,1562.1,Ошибка: Угол ног в кресле
14:31:34,sitting,172.5,6.2,1540.9,Ошибка: Угол ног в кресле
14:31:35,sitting,171.8,6.3,1553.0,Ошибка: Угол ног в кресле
14:31:35,sitting,169.6,6.2,1591.0,Ошибка: Угол ног в кресле
14:31:35,sitting,168.1,5.9,1618.1,Ошибка: Угол ног в кресле
14:31:35,sitting,167.2,5.9,1632.5,Ошибка: Угол ног в кресле
14:31:35,sitting,167.3,5.8,1630.8,Ошибка: Угол ног в кресле
14:31:35,sitting,167.9,5.8,1621.2,Ошибка: Угол ног в кресле
14:31:35,sitting,168.0,6.2,1618.6,Ошибка: Угол ног в кресле
14:31:35,sitting,168.0,6.1,1619.9,Ошибка: Угол ног в кресле
14:31:35,sitting,167.4,6.6,1629.6,Ошибка: Угол ног в кресле
14:31:35,sitting,164.8,7.0,1675.6,Ошибка: Угол ног в кресле
14:31:35,sitting,162.0,7.0,1725.5,Ошибка: Угол ног в кресле
14:31:35,sitting,160.3,7.0,1754.0,Ошибка: Угол ног в кресле
14:31:36,sitting,159.1,6.8,1743.8,Ошибка: Угол ног в кресле
14:31:36,sitting,158.6,6.8,1735.6,Ошибка: Угол ног в кресле
14:31:36,sitting,159.9,6.2,1757.4,Ошибка: Угол ног в кресле
14:31:36,sitting,161.1,6.5,1739.8,Ошибка: Угол ног в кресле
14:31:36,sitting,161.7,5.6,1729.6,Ошибка: Угол ног в кресле
14:31:36,sitting,161.8,6.0,1728.9,Ошибка: Угол ног в кресле
14:31:36,sitting,160.2,5.8,1756.8,Ошибка: Угол ног в кресле
14:31:36,sitting,153.6,6.4,1647.6,Ошибка: Угол ног в кресле
14:31:36,sitting,149.3,6.6,1571.8,Ошибка: Угол ног в кресле
14:31:36,sitting,122.5,7.2,1099.5,Ошибка: Угол ног в кресле
14:31:36,sitting,93.7,7.7,592.6,Посадка в норме
14:31:36,sitting,67.2,6.8,352.0,Ошибка: Угол ног в кресле
14:31:36,sitting,54.1,4.5,352.0,Ошибка: Угол ног в кресле
14:31:37,sitting,28.0,5.1,352.0,Ошибка: Угол ног в кресле
14:31:37,sitting,26.2,6.6,352.0,Ошибка: Угол ног в кресле
14:31:37,sitting,26.1,7.3,352.0,Ошибка: Угол ног в кресле
14:31:37,sitting,27.3,8.3,352.0,Ошибка: Угол ног в кресле
14:31:37,sitting,20.2,8.4,352.0,Ошибка: Угол ног в кресле
14:31:37,sitting,24.7,8.8,352.0,Ошибка: Угол ног в кресле
14:31:37,sitting,27.5,8.7,352.0,Ошибка: Угол ног в кресле
14:31:37,sitting,24.4,8.6,352.0,Ошибка: Угол ног в кресле
14:31:37,sitting,19.3,8.4,352.0,Ошибка: Угол ног в кресле
14:31:37,sitting,20.1,8.4,352.0,Ошибка: Угол ног в кресле
14:31:37,sitting,15.7,8.5,352.0,Ошибка: Угол ног в кресле
14:31:37,sitting,11.7,7.9,352.0,Ошибка: Угол ног в кресле
14:31:37,sitting,13.6,8.1,352.0,Ошибка: Угол ног в кресле
14:31:37,sitting,13.5,8.2,352.0,Ошибка: Угол ног в кресле
14:31:38,sitting,8.0,8.2,352.0,Ошибка: Угол ног в кресле
14:31:38,sitting,13.3,8.1,352.0,Ошибка: Угол ног в кресле
14:31:38,sitting,11.3,8.3,352.0,Ошибка: Угол ног в кресле
14:31:38,sitting,13.2,7.8,352.0,Ошибка: Угол ног в кресле
14:31:38,sitting,17.5,7.9,352.0,Ошибка: Угол ног в кресле
14:31:38,sitting,18.6,8.2,352.0,Ошибка: Угол ног в кресле
14:31:38,sitting,20.1,8.2,352.0,Ошибка: Угол ног в кресле
14:31:38,sitting,22.2,8.3,352.0,Ошибка: Угол ног в кресле
14:31:38,sitting,25.0,8.5,352.0,Ошибка: Угол ног в кресле
14:31:38,sitting,25.4,8.5,352.0,Ошибка: Угол ног в кресле
14:31:38,sitting,26.7,8.4,352.0,Ошибка: Угол ног в кресле
14:31:38,sitting,22.5,7.4,352.0,Ошибка: Угол ног в кресле
14:31:38,sitting,20.3,5.6,352.0,Ошибка: Угол ног в кресле
14:31:38,sitting,16.5,2.8,352.0,Ошибка: Угол ног в кресле
14:31:38,sitting,22.0,5.8,352.0,Ошибка: Угол ног в кресле
14:31:39,sitting,22.1,6.6,352.0,Ошибка: Угол ног в кресле
14:31:39,sitting,19.2,5.8,352.0,Ошибка: Угол ног в кресле
14:31:39,sitting,28.0,4.5,352.0,Ошибка: Угол ног в кресле
14:31:39,sitting,31.9,4.9,352.0,Ошибка: Угол ног в кресле
14:31:39,sitting,27.9,4.3,352.0,Ошибка: Угол ног в кресле
14:31:39,sitting,30.7,4.5,352.0,Ошибка: Угол ног в кресле
14:31:39,sitting,59.9,4.1,352.0,Ошибка: Угол ног в кресле
14:31:39,sitting,82.3,3.1,391.7,Посадка в норме
14:31:39,sitting,91.2,3.8,548.8,Посадка в норме
14:31:39,sitting,105.9,3.1,807.3,Посадка в норме
14:31:39,sitting,117.5,3.6,1011.8,Ошибка: Угол ног в кресле
14:31:39,sitting,117.0,3.4,1002.4,Ошибка: Угол ног в кресле
14:31:39,sitting,117.2,4.6,1007.4,Ошибка: Угол ног в кресле
14:31:39,sitting,121.1,4.4,1076.0,Ошибка: Угол ног в кресле
14:31:40,sitting,119.5,5.0,1047.8,Ошибка: Угол ног в кресле
14:31:40,sitting,113.7,6.0,945.8,Посадка в норме
14:31:40,sitting,95.8,5.6,629.4,Посадка в норме
14:31:40,sitting,89.2,5.6,513.4,Посадка в норме
14:31:40,sitting,82.5,5.7,396.6,Посадка в норме
14:31:40,sitting,75.9,5.8,352.0,Посадка в норме
14:31:40,sitting,80.0,5.8,352.0,Посадка в норме
14:31:40,sitting,101.2,5.9,725.3,Посадка в норме
14:31:40,sitting,75.9,6.3,352.0,Посадка в норме
14:31:40,sitting,71.7,7.8,352.0,Ошибка: Угол ног в кресле
14:31:40,sitting,60.5,8.4,352.0,Ошибка: Угол ног в кресле
14:31:40,sitting,45.9,7.8,352.0,Ошибка: Угол ног в кресле
14:31:41,sitting,13.7,7.8,352.0,Ошибка: Угол ног в кресле
14:31:41,sitting,14.0,8.6,352.0,Ошибка: Угол ног в кресле
14:31:41,sitting,5.5,8.5,352.0,Ошибка: Угол ног в кресле
14:31:41,sitting,4.3,8.6,352.0,Ошибка: Угол ног в кресле
14:31:41,sitting,4.6,8.6,352.0,Ошибка: Угол ног в кресле
14:31:41,sitting,4.9,8.1,352.0,Ошибка: Угол ног в кресле
14:31:41,sitting,5.9,8.0,352.0,Ошибка: Угол ног в кресле
14:31:41,sitting,8.3,8.4,352.0,Ошибка: Угол ног в кресле
14:31:41,sitting,8.0,8.1,352.0,Ошибка: Угол ног в кресле
14:31:41,sitting,6.2,8.7,352.0,Ошибка: Угол ног в кресле
14:31:41,sitting,8.7,8.8,352.0,Ошибка: Угол ног в кресле
14:31:41,sitting,12.0,8.8,352.0,Ошибка: Угол ног в кресле
14:31:41,sitting,12.4,8.6,352.0,Ошибка: Угол ног в кресле
14:31:42,sitting,14.1,8.4,352.0,Ошибка: Угол ног в кресле
14:31:42,sitting,14.2,8.3,352.0,Ошибка: Угол ног в кресле
14:31:42,sitting,10.2,8.1,352.0,Ошибка: Угол ног в кресле
14:31:42,sitting,7.9,7.9,352.0,Ошибка: Угол ног в кресле
14:31:42,sitting,7.3,8.2,352.0,Ошибка: Угол ног в кресле
14:31:42,sitting,9.4,8.5,352.0,Ошибка: Угол ног в кресле
14:31:42,sitting,18.6,9.0,352.0,Ошибка: Угол ног в кресле
14:31:42,sitting,23.7,7.4,352.0,Ошибка: Угол ног в кресле
14:31:42,sitting,22.5,7.6,352.0,Ошибка: Угол ног в кресле
14:31:42,sitting,20.4,7.6,352.0,Ошибка: Угол ног в кресле
14:31:42,sitting,19.2,7.1,352.0,Ошибка: Угол ног в кресле
14:31:42,sitting,10.5,7.1,352.0,Ошибка: Угол ног в кресле
14:31:42,sitting,12.8,7.1,352.0,Ошибка: Угол ног в кресле
14:31:43,sitting,15.6,7.0,352.0,Ошибка: Угол ног в кресле
14:31:43,sitting,17.1,6.6,352.0,Ошибка: Угол ног в кресле
14:31:43,sitting,16.2,6.8,352.0,Ошибка: Угол ног в кресле
14:31:43,sitting,17.2,7.1,352.0,Ошибка: Угол ног в кресле
14:31:43,sitting,11.4,7.8,352.0,Ошибка: Угол ног в кресле
14:31:43,sitting,7.9,7.7,352.0,Ошибка: Угол ног в кресле
14:31:43,sitting,6.5,7.4,352.0,Ошибка: Угол ног в кресле
14:31:43,sitting,8.2,7.1,352.0,Ошибка: Угол ног в кресле
14:31:43,sitting,9.3,7.3,352.0,Ошибка: Угол ног в кресле
14:31:43,sitting,9.8,7.0,352.0,Ошибка: Угол ног в кресле
14:31:43,sitting,14.0,7.2,352.0,Ошибка: Угол ног в кресле
14:31:43,sitting,17.1,7.5,352.0,Ошибка: Угол ног в кресле
14:31:43,sitting,16.1,7.9,352.0,Ошибка: Угол ног в кресле
14:31:43,sitting,17.0,8.2,352.0,Ошибка: Угол ног в кресле
14:31:44,sitting,27.0,8.4,352.0,Ошибка: Угол ног в кресле
14:31:44,sitting,29.3,8.3,352.0,Ошибка: Угол ног в кресле
14:31:44,sitting,31.1,8.2,352.0,Ошибка: Угол ног в кресле
14:31:44,sitting,38.1,7.4,352.0,Ошибка: Угол ног в кресле
14:31:44,sitting,38.5,8.0,352.0,Ошибка: Угол ног в кресле
14:31:44,sitting,26.2,7.5,352.0,Ошибка: Угол ног в кресле
14:31:44,sitting,24.4,9.1,352.0,Ошибка: Угол ног в кресле
14:31:44,sitting,32.5,9.2,352.0,Ошибка: Угол ног в кресле
14:31:44,sitting,33.7,9.5,352.0,Ошибка: Угол ног в кресле
14:31:44,sitting,38.0,9.6,352.0,Ошибка: Угол ног в кресле
14:31:44,sitting,47.1,9.4,352.0,Ошибка: Угол ног в кресле
14:31:44,sitting,59.9,9.8,352.0,Ошибка: Угол ног в кресле
14:31:44,sitting,63.7,9.4,352.0,Ошибка: Угол ног в кресле
14:31:44,sitting,61.1,8.6,352.0,Ошибка: Угол ног в кресле
14:31:44,sitting,61.4,9.1,352.0,Ошибка: Угол ног в кресле
14:31:44,sitting,69.5,9.4,352.0,Ошибка: Угол ног в кресле
14:31:45,sitting,71.0,9.3,352.0,Ошибка: Угол ног в кресле
14:31:45,sitting,79.5,9.6,352.0,Посадка в норме
14:31:45,sitting,94.1,10.2,600.9,Посадка в норме
14:31:45,sitting,103.6,10.2,767.9,Посадка в норме
14:31:45,sitting,107.2,9.4,830.1,Посадка в норме
14:31:45,sitting,108.2,9.3,849.1,Посадка в норме
14:31:45,sitting,101.4,9.6,728.9,Посадка в норме
14:31:45,sitting,84.0,9.2,422.4,Посадка в норме
14:31:45,sitting,72.7,9.2,352.0,Ошибка: Угол ног в кресле
14:31:45,sitting,54.0,8.7,352.0,Ошибка: Угол ног в кресле
14:31:45,sitting,38.8,8.7,352.0,Ошибка: Угол ног в кресле
14:31:45,sitting,36.8,8.9,352.0,Ошибка: Угол ног в кресле
14:31:45,sitting,42.6,8.9,352.0,Ошибка: Угол ног в кресле
14:31:45,sitting,48.1,9.1,352.0,Ошибка: Угол ног в кресле
14:31:45,sitting,48.6,9.3,352.0,Ошибка: Угол ног в кресле
14:31:46,sitting,48.7,8.9,352.0,Ошибка: Угол ног в кресле
14:31:46,sitting,34.4,8.1,352.0,Ошибка: Угол ног в кресле
14:31:46,sitting,25.1,8.0,352.0,Ошибка: Угол ног в кресле
14:31:46,sitting,15.7,7.4,352.0,Ошибка: Угол ног в кресле
14:31:46,sitting,29.8,7.5,352.0,Ошибка: Угол ног в кресле
14:31:46,sitting,40.2,7.8,352.0,Ошибка: Угол ног в кресле
14:31:46,sitting,53.6,7.7,352.0,Ошибка: Угол ног в кресле
14:31:46,sitting,57.4,8.0,352.0,Ошибка: Угол ног в кресле
14:31:46,sitting,62.4,7.8,352.0,Ошибка: Угол ног в кресле
14:31:46,sitting,65.8,8.1,352.0,Ошибка: Угол ног в кресле
14:31:46,sitting,68.9,8.2,352.0,Ошибка: Угол ног в кресле
14:31:46,sitting,55.1,8.0,352.0,Ошибка: Угол ног в кресле
14:31:46,sitting,69.4,8.2,352.0,Ошибка: Угол ног в кресле
14:31:47,sitting,65.1,7.7,352.0,Ошибка: Угол ног в кресле
14:31:47,sitting,54.0,7.6,352.0,Ошибка: Угол ног в кресле
14:31:47,sitting,61.1,8.1,352.0,Ошибка: Угол ног в кресле
14:31:47,sitting,80.7,8.3,364.0,Посадка в норме
14:31:47,sitting,78.7,8.5,352.0,Посадка в норме
14:31:47,sitting,91.7,8.5,558.4,Посадка в норме
14:31:47,sitting,107.1,8.5,829.4,Посадка в норме
14:31:47,sitting,97.9,7.9,667.8,Посадка в норме
14:31:47,sitting,77.1,7.8,352.0,Посадка в норме
14:31:47,sitting,63.6,7.9,352.0,Ошибка: Угол ног в кресле
14:31:47,sitting,54.8,7.9,352.0,Ошибка: Угол ног в кресле
14:31:47,sitting,38.0,7.9,352.0,Ошибка: Угол ног в кресле
14:31:47,sitting,21.6,7.9,352.0,Ошибка: Угол ног в кресле
14:31:48,sitting,22.0,6.4,352.0,Ошибка: Угол ног в кресле
14:31:48,sitting,20.7,6.5,352.0,Ошибка: Угол ног в кресле
14:31:48,sitting,14.5,6.5,352.0,Ошибка: Угол ног в кресле
14:31:48,sitting,15.6,6.9,352.0,Ошибка: Угол ног в кресле
14:31:48,sitting,21.4,8.8,352.0,Ошибка: Угол ног в кресле
14:31:48,sitting,22.1,9.0,352.0,Ошибка: Угол ног в кресле
14:31:48,sitting,19.9,9.1,352.0,Ошибка: Угол ног в кресле
14:31:48,sitting,20.1,9.0,352.0,Ошибка: Угол ног в кресле
14:31:48,sitting,12.6,8.4,352.0,Ошибка: Угол ног в кресле
14:31:48,sitting,7.2,8.4,352.0,Ошибка: Угол ног в кресле
14:31:48,sitting,5.8,8.6,352.0,Ошибка: Угол ног в кресле
14:31:48,sitting,9.4,8.4,352.0,Ошибка: Угол ног в кресле
14:31:48,sitting,10.9,8.4,352.0,Ошибка: Угол ног в кресле
14:31:48,sitting,12.9,8.2,352.0,Ошибка: Угол ног в кресле
14:31:48,sitting,21.8,7.9,352.0,Ошибка: Угол ног в кресле
14:31:49,sitting,26.1,8.1,352.0,Ошибка: Угол ног в кресле
14:31:49,sitting,22.5,8.0,352.0,Ошибка: Угол ног в кресле
14:31:49,sitting,26.8,8.0,352.0,Ошибка: Угол ног в кресле
